get,chinese,into,united,states,while,almost,chinese,evs,legally,sold,these,workarounds,allow,eager,enthusiasts,get,onto,american,roads,price
self,driving,cars,google,others,map,road,automated,vehicles,google,number,automakers,spearheading,movement,get,automated,vehicles,america,roads,self,driving,cars,street,legal,three,states,google,fleet,collectively,logged,over,miles,time,road,however,there
taps,nvidia,boost,embattled,self,driving,projects,nvidia,annual,gtc,conference,san,jose,calif,today,chipmaker,announced,teaming,general,motors,develop,next,generation,cars,robots,factories,will,apply,several,nvidia,products,business,such
tesla,cooked,tesla,stock,plunged,percent,monday,steepest,drop,five,years,price,down,over,percent,since,december,highs,tesla,owners,disgusted,elon,musk,slash,burn,tactics,trump,administration,selling,vehicles
byd,charge,electric,car,minutes,chinese,automaker,will,start,selling,vehicles,new,battery,system,starting,next,month
caterpillar,taps,luminar,lidar,self,driving,construction,equipment,caterpillar,adding,lidar,heavy,duty,construction,equipment,after,striking,deal,luminar,which,makes,laser,sensor,number,automakers,self,driving,car,operators,caterpillar,will,integrate,luminar,hardware,into,cat
car,prices,expected,increase,much,thanks,trump,tariffs,car,prices,already,record,highs,president,donald,trump,tariffs,stay,place,send,into,stratosphere,situation,remains,extremely,fluid,trump,administration,officials,today,announcing,month,reprieve
tesla,got,permit,operate,taxi,service,california,theres,catch,taxi,service,will,initially,operate,tesla,employee,drivers,only,use,current,model,vehicles,wont,allow,driverless,rides
waymo,available,exclusively,uber,austin,today,day,waymo,unlikely,partnership,uber,live,austin,texas,former,rivals,joined,forces,hopes,accelerating,transition,autonomous,vehicles,today,any,austin,resident,desire,take,trip
volkswagen,every,affordable,masses,volkswagen,bringing,lights,every,show,car,will,become,promised,about,usd,affordable,will,hopefully,turn,around,automaker,struggling,business,market,leaders,tesla,continue,prom
germany,will,give,trump,announces,car,tariffs,major,economies,vow,retaliate,china,accusing,washington,violating,international,trade,rules
joby,will,launch,air,taxi,service,virgin,atlantic,virgin,atlantic,announced,partnership,california,based,joby,aviation,launch,air,taxi,service,becoming,latest,airline,bet,new,class,electric,aircraft,vying,become,taxis,sky,joby,all,electric,aircraft,six
tesla,takedown,all,news,about,protests,roiling,automaker,since,early,february,tesla,target,protesters,opposed,ceo,elon,musk,unprecedented,takeover,federal,government,musk,department,government,efficiency,doge,eliminates,humanitarian,aid,programs,fires,tens,thousands
mercedes,benz,hedging,bets,rebooted,cla,sedan,mercedes,benz,electric,vehicles,aren,exactly,selling,hotcakes,eqs,eqe,eqb,largely,flopped,forcing,company,make,significant,changes,electrification,plans,while,automaker,scaled,back,ambitions,aba
kia,will,soon,able,power,home,kia,owners,soon,take,advantage,suv,vehicle,home,power,backup,capabilities,availability,directional,charger,coming,june,new,wallbox,quasar,electric,vehicle,charger,home,power,connector
denver,cops,hand,free,airtags,track,car,thefts,police,say,theyre,going,get,direct,access,location,data,unless,provide
android,autos,next,update,bring,controls,comfortable,car,ride,google,spotted,adding,code,android,auto,teased,new,vehicle,temperature,settings
best,cars,buy,during,trump,month,tariff,break,vehicles,youre,market,new,car,decision,just,got,difficult,fit,into,budget,least,urgent,especially
man,forced,pay,dead,fathers,car,fines,gary,davies,birmingham,city,council,did,believe,father,had,died
toyota,introduces,electric,updated,europe,toyota,announced,updates,european,offerings,including,electric,version,toyota,called,plus,refreshed,addresses,many,electric,crossover,shortcomings,plus,built,toyota,tnga,pla
audi,avant,tron,supports,apple,car,keys,porsche,likely,follow,audi,enabled,support,apples,digital,car,key,feature,latest,avant,tron,model,bringing,apple,car,keys,automakers,electric,car,platform,time,via,mac,ever,car,keys,allows,iphone,apple,watch,nfc,capabi
lawmakers,demand,answers,rubio,over,million,armored,tesla,contract,senator,congressman,sent,letters,secretary,state,demanding,answer,questions,about,scandal,probably,doesn,exist
did,government,declare,war,adorable,tiny,truck,automotive,historian,dan,albert,loves,adorable,tiny,truck,hes,driving,small,japan,made,kei,pickups,minivans,make,about,third,car,sales,japan,americans,legally,import,older,models,less
heres,youre,caught,driving,high,winds,tornadoes,dust,storms,wind,unlike,many,other,hazards,because,really,cant,see,aaas,bill,van,tassel
tiktok,tariffs,trials,everything,happening,tech,chaotic,april,tiktok,april,sell,date,approaches,americans,back,where,stood,before,original,january,deadline,watching,anxiously,see,major,social,media,app,gets,banned,far,only,big,event,see,over,coming
car,buyer,guide,getting,good,deal,era,trump,tariffs,dont,need,panic,brian,moody,executive,editor,autotrader,tells,time
teslas,challenges,run,deeper,toxic,controversy,around,elon,musk,company,still,valued,times,earnings,faces,problems,experts,say,beyond,questions,around,ceo
website,doxxed,tesla,owners,some,had,already,sold,cars,spoke,eight,tesla,owners,had,personal,data,exposed,public,site,aimed,doxxing,tesla,owners,doge,employees
volvo,models,support,apple,car,keys,volvo,released,software,updates,electric,suv,models,enable,support,apples,car,keys,feature,thats,available,iphones,apple,watches,car,keys,allows,iphone,apple,watch,unlock,vehicle,through,wallet
teslas,already,expensive,insure,wave,vandalism,make,things,lot,worse,backlash,against,elon,musk,doge,turned,tesla,into,target,vehicles,showrooms,hit,vandalism,gunfire,suspected,arson
prepared,retaliate,against,tariffs,sources,say,last,minute,negotiations,white,house,ahead,tariffs,being,implemented
donald,trump,bought,tesla,recall,notices,against,heres,hoping,elon,musk,wont,personally,fix,president,trumps,new,anytime,soon
car,display,off,brings,carplay,android,auto,dashboard,save,over,either,inch,inch,mountable,display,car
trumps,new,tariffs,raise,car,prices,dems,demand,answers,after,signal,leak,trump,announced,hell,impose,tariffs,imported,cars,starting,next,week,decision,received,mixed,reactions,democrats,demanding,answers,after,bombing,plans,were,discussed,signal
australia,auto,industry,protect,awash,chinese,evs,chinese,electric,vehicle,maker,byd,rapidly,gaining,market,share,australia,sales,rising,last,year,nearly,four,evs,sold,country,byd,according,evdirect,ceo,david,smitherman,chinese,evs,comprise,roughly,third
tributes,british,man,killed,kenyan,presidents,motorcade,crash,edgar,riches,thought,struck,car,presidential,motorcade,nairobi
donald,trump,held,another,million,dollar,candlelight,dinner,elon,musk,tow,unlike,previous,million,dollar,candlelight,dinner,event,did,appear,donald,trumps,official,schedule,elon,musk,there,too,wired,learned
uber,shuttle,will,get,jfk,airport,uber,expanding,airport,shuttle,service,include,busiest,hubs,world,new,york,city,john,kennedy,international,airport,limited,time,customers,grab,ride,specific,stops,manhattan,brooklyn,jfk,just
year,old,retired,just,years,ago,wishes,still,working,richard,maas,worked,cars,five,decades,ran,company,into,after,retiring,two,years,ago,wants,return,work
tesla,cybertruck,deliveries,reportedly,hold,because,trim,flying,off,america,favorite,low,poly,electric,truck,facing,new,set,problems,don,anything,people,spray,painting,swastikas,crude,comments,about,elon,musk,deliveries,tesla,cybertruck,hold,while,company,addresse
vintage,photos,show,commuting,work,looked,years,ago,workers,major,cities,commuted,via,buses,subways,ferries,streetcars,automobiles
ive,test,driven,electric,cars,past,year,here,top,evs,far,past,months,busy,time,electric,vehicles,luckily,weve,driven,bunch,here,favorites,far
wyze,new,camera,filter,claims,cut,down,nuisance,alerts,security,cameras,helpful,spotting,package,thieves,letting,know,kid,got,home,school,scaring,off,rascally,raccoon,rustling,around,chicken,coop,constant,notifications,these,devices,make,annoyin
last,year,waymos,autonomous,vehicles,got,parking,tickets,san,francisco,alphabets,waymo,autonomous,vehicles,programmed,follow,rules,road,notes,washington,while,cars,obey,speed,limits,properly,use,turn,signals,also,routinely,violate,parking,rules,waymo,vehicles,driving
tesla,tripled,workers,testing,self,driving,technology,california,increase,capability,comes,elon,musks,electric,vehicle,maker,aims,release,much,hyped,robotaxi,some,cities,end
taps,nvidia,boost,self,driving,projects,general,motors,partnering,nvidia,enhance,self,driving,manufacturing,capabilities,leveraging,nvidias,chips,software,simulation,tools,will,apply,several,nvidias,products,business,such,omniverse
military,vehicles,get,mixed,reality,windshields,controlled,human,eyes,finnish,startup,distance,technologies,emerged,stealth,last,year,technology,claims,turn,any,transparent,surface,into,mixed,reality,display,teamed,patria,trial,tech,defence,firm,armoured,vehicles
cybertruck,owners,tell,driving,most,controversial,vehicle,world,cybertruck,owners,tell,faced,backlash,amid,tesla,takedown,protests,being,yelled,being,shot,paintballs
vehicle,infotainment,screens,headed,scrap,heap,drivers,falling,love,tech,forward,touch,screens,become,commonplace,modern,cars
corvette,mph,run,had,start,virtual,world,last,october,chevrolet,corvette,set,top,speed,mph,consecutive,runs,around,closed,track,fastest,street,legal,production,car,world,bugatti,chiron,super,sport,will,name,implies,top,mph
apple,maps,routing,ford,vehicles,supports,tesla,chargers,ford,mustang,mach,ford,lightning,customers,use,apple,maps,routing,feature,carplay,automatically,routed,chargers,use,north,american,charging,standard,nacs,ford,announced,today,nacs,chargers,include
letter,tesla,wrote,warning,trump,administration,about,harm,trade,war,tesla,said,trumps,tariffs,increase,costs,manufacture,lead,other,countries,counter,tariffs,cars,parts
tesla,brand,turned,toxic,today,talking,about,protests,against,tesla,which,branded,social,media,under,hashtag,tesla,takedown,protests,course,reaction,elon,musk,managed,install,himself,basically,shadow,president
trump,administration,vows,crackdown,anti,tesla,attacks,attacks,property,carrying,logo,elon,musk,electric,car,company,cropping,across,overseas
police,charge,year,old,arson,unlawful,possession,unregistered,gun,tesla,vandalism,incident,las,vegas,police,arrested,paul,hyon,kim,charges,including,arson,discharging,firearm,into,vehicle,destruction,property
tesla,polestar,execs,unveil,new,ultralight,electric,sports,cars,heavy,battery,packs,evs,hardly,known,being,lightweight,perhaps,until,british,startup,longbow,founded,former,tesla,lucid,polestar,execs,emerged,stealth,today,plans,two,new,ultralight,evs,comp
hyundai,ioniq,review,yes,shares,same,underpinnings,excellent,hyundai,stately,new,tech,laden,flagship,refined,enough,stand
ferrari,cost,under,trumps,tariffs,ferrari,said,price,hikes,would,apply,all,models,except,roma,those,imported,after,april
trump,announces,tariffs,imported,cars,ratcheting,global,trade,war,major,stock,indexes,closed,down,wednesday
cars,catch,fire,car,accident,movie,usually,ends,huge,fireball,really,causes,vehicle,fires
rivian,built,oasis,desert,adventure,outpost,fast,charging,lots,cacti,long,day,covering,many,miles,welcome,electric,desert
rivian,tech,company,car,company,good,thing,car,world,kind,split,right,there,legacy,automakers,ones,know,love,there,also,new,startups,building,all,new,kinds,cars,new,generation,car,companies,tesla,obviously
attorney,general,announces,severe,charges,against,alleged,tesla,arsonists,reports,vandalism,even,supposed,doxing,website,targeting,tesla,locations,vehicles,continue,appear,attorney,general,pam,bondi,issued,new,warning,about,old,crimes,department,justice,press,release,announced,charges,against
austin,road,rage,incident,leads,deadly,shooting,man,arrested,year,old,accused,shooting,someone,apparent,road,rage,incident,after,victim,approached,car,stoplight,affidavit,states
know,about,bmw,futuristic,panoramic,vision,windshield,bmw,new,heads,display,set,debut,late,diverges,traditional,systems,future,forward,ways
angel,investor,shes,ditching,teslas,over,elon,musk,might,let,people,smash,sledgehammers,just,voice,voice,turn,into,many,investor,joanne,wilson,told,business,insider,about,decision,sell,tesla
president,trump,wants,buy,tesla,some,advice,which,choose,which,tesla,best,potus,donald,trump,may,want,fastest,model,market,most,expensive,most,controversial
farmers,fear,criminal,hare,coursing,gangs,kill,someone,farmers,warn,there,increase,willingness,commit,violence,farmers,gamekeepers
going,get,worse,american,car,buyers,brace,sweeping,auto,tariffs,prices,wholesale,market,skyrocketed,already,going,get,worse,car,seller,told,bbc
tesla,hate,making,insurance,expensive,owners,stock,slumps,americans,turn,against,automaker,owners,paying,higher,insurance,premiums
need,call,uber,lyft,base,armys,opening,gates,bases,tend,away,major,metropolitan,areas,leaving,few,transportation,options,troops,dont,own,car
star,wars,harry,potter,amazon,clears,stock,popular,lego,sets,off,come,served
trump,couldnt,care,less,about,higher,car,prices,trump,hopes,foreign,carmakers,raise,prices,means,people,will,buy,made,cars
teslas,quarterly,sales,fall,experts,blame,musk,disappointing,global,deliveries,companys,electric,car,models,come,ceo,elon,musks,role,president,trumps,cost,cutting,czar,sparks,backlash,among,consumers
severance,crew,reveal,chose,each,car,seen,show,severance,become,most,popular,show,apple,surprise,each,episode,details,make,show,unique,believe,includes,cars,see,interview,drive,severance,creative,consultants,cath
photographer,took,shot,trumps,notes,tesla,sales,pitch,president,donald,trump,checked,teslas,white,house,event,tuesday,elon,musk,carried,note,jotted,down,tesla,prices
were,getting,rid,tesla,elon,musks,politics,nothing,after,tons,research,bought,tesla,model,didnt,realize,expensive,itd,insure,want,sell
road,safety,dos,donts,might,just,save,life,motor,vehicle,crashes,leading,cause,death,highway,patrol,officer,explains,drivers,should,handle,emergency,scenarios,extreme,weather,aggressive,tailgaters
trump,announces,new,percent,tariff,all,cars,made,outside,presidents,latest,action,trade,enacts,tariff,cars,made,outside,continuing,trade,policies,focused,boosting,american,manufacturing
android,auto,gaming,features,effort,ape,tesla,google,hopes,will,park,play,most,gaming,cars,will,only,make,sense,self,driving,vehicles,thing
trump,tariffs,starting,tomorrow,raise,car,prices,much,consumers,will,pay,added,cost,canada,mexico
leaked,report,reveals,shocking,downfall,tesla,heres,whats,driving,drop,sales,tesla,sales,declining,worldwide,especially,europe
drive,car,inzoi,best,ways,get,around,open,city,inzoi,driving,car,heres,buy,vehicle,drive,manually,authomatically
reckless,behaviour,led,death,baby,retrial,told,prosecutors,say,couple,put,relationship,above,babys,life
cars,get,names,naming,car,naming,baby,only,few,hundred,million,dollars,stake
times,where,better,lease,car,buy,unless,youre,paying,cash,entire,car,buying,process,difficult,confusing,particularly,true,comes,deciding,whether
expert,teslas,best,way,rebuild,brand,ditch,musk,tesla,brand,trouble,according,branding,consultant,allen,adamson,car,company,facing,headwinds,due,lack,innovation,political,activity,ceo,elon,musk
cadillac,chevrolet,among,over,vehicles,recalled,check,car,recalls,here,bus,become,communication,standard,automotive,world,found,huge,swathe,cars,built,mid,onwards,also,find,aircraft,ships
supercon,yes,use,controller,area,network,outside,cars,ford,just,seem,catch,break,lately,comes,recalls,company,again,recalling,already,recalled,cars,fix,originally
update,truck,driver,detained,amid,investigation,into,deadly,vehicle,car,crash,austin,hadn,happened,such,long,time,hesitated,respond,walking,through,town,driver,pulled,rolled,down,window,said,way,irvington,take,granted,unlikely,ever,again,car
ford,issues,another,recall,already,recalled,cars,doesn,matter,vespa,peterbilt,truck,ignore,maintenance,needs,vehicle,own,peril,difficult,enough,keep,track
classic,cars,aren,worth,money,according,car,experts,many,cars,down,street,each,day,fast,were,going,about,folks,walk,people,riding,bikes,easy,question,answer,most,better,thi
asking,directions,smartphone,apps,track,driving,behavior,may,key,safer,road,conditions,aaa,foundation,traffic,safety,just,published,study,found,using,smartphone,apps,monitor,driver,behavior,then,providing,summaries,behav
keep,tabs,vehicle,needs,lubelogger,driver,making,sudden,lane,change,caused,vehicle,wreck,killed,person,interstate,round,rock,police,said
homebrew,traffic,monitor,keeps,eyes,streets,giuffre,remains,serious,condition,hospital,following,collision,school,bus,family,say
interest,app,tracks,driving,behavior,apparent,battery,breakthrough,good,news,industry,chinese,company,previously,pledged,work,tesla
drivers,sudden,lane,change,caused,fatal,vehicle,crash,round,rock,police,say,barclays,analysts,say,levies,goods,canada,mexico,may,devastating,impact,detroit,big,three,ford,stellantis
virginia,giuffre,grateful,love,support,after,car,crash,heres,everything,coming,both,resorts,beyond,disneyland,gets,ready,kick,off,birthday
chinas,byd,claims,minute,battery,charge,gives,miles,range,should,buy,car,elon,musk,company,only,used
trump,tariffs,wipe,ford,gms,profits,german,car,giant,lead,designer,called,move,away,physical,buttons,favor,touch,screens,mistake
disneyland,disney,world,look,avengers,rides,monsters,coaster,cars,rally,race,world,electric,vehicles,chinese,car,maker,gotten,upper,hand,over,tesla,just,few,years,seems,just,getting,started
great,tesla,sell,off,tariffs,steel,aluminum,increasing,president,trump,had,recently,threatened,high,enough,headache,automakers
volkswagen,bring,back,physical,buttons,all,vehicles,plug,hybrid,electric,vehicles,phevs,gotten,lot,popular,over,past,few,years,these,days,there,plenty,mid,size,plug,hybrid,suvs,especially,those,looking,luxury,makes,sense,phevs,allow,drivers,drive,around
hottest,car,company,cant,buy,america,british,firm,longbow,reveals,featherweight,sports,cars,developed,former,tesla,lucid,byd,execsyou,don,normally,associate,lightweight,chassis,low,dry,weight,electric,vehicles,evs,either,lightweight,dismal,range,range,impres
automakers,brace,higher,costs,steel,aluminum,tariffs,kick,google,cofounder,larry,page,funding,new,aviation,startup,run,former,kittyhawk,cto,chris,anderson
bmw,xdrive,review,sporty,sleek,plug,hybrid,hyundai,just,opened,high,tech,auto,plant,georgia,originally,meant,just,build,evs,expanding,towards,plug,hybrids,sign,bigger,shifts,auto,industry
british,firm,longbow,reveals,featherweight,sports,cars,developed,former,tesla,lucid,byd,execs,ultimate,vehicle,security,mai,dash,cam,omni,protects,car,car,makers,technologists,would,dream,future,where,cars,safely,drove,themselves,while,sit,back,relax,given
inside,larry,pages,secret,bet,print,future,air,travel,drivers,should,expect,significant,traffic,delays,both,directions,state,route,oceanside,after,multi,vehicle,crash,involving,semi,truck,monday
hyundais,plans,new,georgia,plant,reveal,industry,hedging,bets,evs,tariffs,escalate,global,trade,war,prompting,forecasts,higher,car,prices
ultimate,vehicle,security,mai,dash,cam,omni,protects,car,save,ecoflow,delta,delta,max,fir,limited,time,amazon
multi,vehicle,crash,snarls,traffic,oceanside,ants,tactics,avoid,traffic,jams,applied,future,self,driving,cars
stocks,drop,slightly,trading,since,trumps,auto,tariffs,announced,environmental,protection,agency,didnt,provide,details,about,wants,regulations,whether,will,try,weaken,eliminate,entirely
ecoflow,delta,portable,power,station,off,amazon,slashing,price,record,low,racine,county,wis,wfrv,less,minute,after,vehicle,sped,past,marked,wisconsin,squad,car,nearly,mph,caused,crash,sent,five
man,facing,oui,charge,after,injured,car,crash,sent,vehicle,careening,into,boston,home,wwdc,apple,announced,new,car,key,feature,lets,people,use,wallet,app,iphone,apple,watch,control,car,while,adoption,feature,slow,head,below,find,list,cars,support,apple,car,key,int
ants,may,save,future,traffic,jams,team,thinks,path,clear,larger,scale,implementation,technique
epa,announces,dozens,environmental,regulations,plans,target,took,roundtrip,ferry,monhegan,island,quaint,spot,off,coast,maine,doesnt,cars,paved,roads,worth,trip
wisconsin,man,going,mph,through,residential,area,crashes,into,car,teens,seriously,injuring,teslas,were,once,green,status,symbol,donald,trumps,second,term,changing
here,all,cars,support,apple,wallet,car,key,top,speed,run,florida,just,latest,series,accomplishments,car,points,future,vehicles
scientists,make,revolutionary,breakthrough,change,electric,vehicles,forever,paving,way,audi,avant,tron,company,cars,support,car,key,shared,platform,means,also,confident,coming,soon,some,porsche,evs,audi,hasn,yet,formally,announced,car,key,support,latest,station,wagon
took,ferry,charming,island,off,coast,maine,where,cars,allowed,byd,chinese,electric,vehicle,manufacturer,announced,new,battery,charging,system,claims,top,almost,quickly,takes,fill,traditional,combustion,engine,car,gas,super,platform,capable,delivering,cha
maga,tesla,embrace,means,politics,will,never,same,again,year,old,woman,san,bernardino,county,custody,accused,attempted,murder,during,road,rage,incident,after,investigators,used,automated
maserati,goes,almost,mph,driver,marketing,platform,heepsy,put,together,strange,report,most,hyped,cars,instagram,which,models,most,frequently,involved,accidents,company,pored,over,hashtags,sales,figures,crash,data,determine,odd,metric,crashes
audi,avant,tron,gets,car,key,support,coming,porsche,evs,next,there,lot,explore,google,maps,may,always,know,where,look,great,trying,drive,through,crowded,city,find,which,local,coffee,shop,best,rated,bagels,there,also,other,lesser,known,features
byd,claims,made,major,charging,breakthrough,videos,posted,social,media,showing,people,ripping,panels,off,cybertrucks,hands,gone,viral,recent,days
woman,allegedly,opens,fire,southern,california,road,rage,shooting,maga,wing,republican,party,wants,use,doj,bite,back,against,musk,protesters
which,popular,cars,get,into,accidents,most,frequently,ukrainian,lawmaker,told,business,insider,trump,administrations,stoppage,military,aid,serious,problem,armored,vehicles
back,time,using,google,maps,jensen,huang,nvidias,ceo,envisions,companies,factories,churning,millions,tokens,hes,talking,about
regulators,recall,nearly,all,tesla,cybertrucks,german,automaker,adapting,disruption,competition
republicans,want,make,hating,elon,musk,crime,isolated,australian,town,offering,lucrative,salary,free,rent,car,allowance,attract,doctor,live,outback
ukraine,already,had,abrams,tank,problem,only,going,get,worse,president,donald,trump,announced,reciprocal,tariffs,tariff,car,imports,much,anticipated,liberation,day,tariff,rollout
nvidia,ceo,jensen,huang,every,company,will,become,factory,heres,means,bbc,sport,correspondent,andrew,benson,answers,questions,before,japanese,grand,prix,suzuka
evolution,luxury,brand,porsche,residents,warned,power,may,return,days,further,heavy,rainfall,forecast
remote,town,looking,doctor,theyre,offering,free,rent,car,allowance,cybertruck,owners,joshua,hazel,christina,said,each,face,thousands,repairs,after,experiencing,vandalism,mardi,gras,parade
trump,unveils,double,digit,liberation,day,reciprocal,tariffs,china,taiwan,slew,other,key,trading,partners,inside,excalibur,roadster,final,vision,realizedsome,vehicles,defy,categorization,entirely,transcending,conventional,transportation,become,rolling,sculptures,challenge,understanding,automotive,design,excalibur,roadst
would,good,season,tsunoda,red,bull,elon,musk,vocal,about,startup,promises,augment,humans,computer,implants,does,appear,wide,lead
mass,blackouts,storm,hit,eastern,australia,xiaomi,ultra,display,mwc,looks,stunning,even,better,fastest,cars,ever,made
drove,cybertrucks,mardi,gras,parade,then,crowd,turned,grandpa,probably,really,did,walk,miles,school,foot,snow,look,changing,numbers,american,students,get,school
inside,excalibur,roadster,final,vision,realized,uber,partnership,should,make,hailing,self,driving,car,easier,heres,summon,ride,growing,number,cities
chinese,brain,implant,project,set,overtake,musk,neuralink,jpmorgan,analyst,ryan,brinkman,called,tariffs,draconian,lowered,banks,price,targets,general,motors,ford,ferrari,result
xiaomi,ultra,coolest,there,right,removed,both,apple,android,support,those,evs,late,opting,instead,own,built,infotainment,system
school,car,pickup,line,national,embarrassment,getty,villa,survived,worst,fire,los,angeles,history,because,key,construction,landscaping,choices,homeowners,use,these,tactics
watch,vehicles,trapped,california,mudslide,dust,storm,swept,through,central,new,mexico,tuesday,causing,crashes,poor,visibility
uber,lets,hail,robotaxis,austin,plus,other,cities,where,catch,ride,waymo,big,milestone,year,bmw,since,starting,iconic,bwm,art,car,program,five,decades,ago,series,provided,artists,fascination,automobiles,perfect,playground,combine,art,design,motorsport,engineering,celebrat
here,markets,biggest,losers,trumps,fresh,auto,tariffs,everything,computer,would,nice,know,long,computer,last
blocks,dealers,using,apple,carplay,android,auto,aftermarket,kits,jessica,cody,worked,walt,disney,world,cast,member,experienced,housing,insecurity,slept,car,disney,parking,lot,months
photos,show,key,strategies,saved,getty,villa,fires,homeowners,learn,rare,stanley,quencher,deal,snag,off,before,gone
powerful,dust,storm,causes,vehicle,pileup,new,mexico,tesla,recently,lost,nearly,trillion,market,jpmorgan,analysts,dont,know,another,car,company,lost,much,value,quickly
bmw,celebrating,years,art,cars,art,basel,hong,kong,airtags,aren,designed,prevent,theft,proven,really,useful,tool,denver,police,department,announced,will,give,hundreds,airtags,part,ongoing,efforts,prevent,car,thefts
companies,might,soon,tell,products,will,die,navy,divers,managed,successfully,attach,line,hoist,point,submerged,vehicle,goal,hook,hoists,order,pull,vehicle,carrying,soldiers,mud
homeless,while,working,walt,disney,world,love,disney,still,expect,better,beautiful,car,demands,distance,step,back,take,bow,stern,soak,entirety,maximum,effect,proportion,stance,all,aston,martin,commissioned,anthony,james
ultimate,hydration,companion,finally,gets,price,cut,get,stanley,quencher,off,anonymous,reader,quotes,report,bbc,former,senior,facebook,executive,told,bbc,social,media,giant,worked,hand,glove,chinese,government,potential,ways,allowing,beijing,censor,control,content,china
teslas,latest,decline,history,books,jpmorgan,analysts,say,new,video,alef,aeronautics,shows,companys,flying,car,prototype,driving,taking,off,flying,over,another,vehicle,simulation,blocked,traffic,scenario
another,city,giving,free,airtags,combat,car,thefts,nasa,considering,another,test,flight,boeings,starliner,vehicle,without,crew,board
some,progress,made,recovering,army,soldiers,submerged,lithuanian,swamp,blow,dry,brush,performs,just,well,pricey,competitors,give,take,little,frizz
anthony,james,aston,martin,vanquish,building,new,computer,looking,upgrade,memory,here,favorite,options,right
facebook,hand,glove,china,morgan,supersport,fusion,old,school,modern,aesthetics,powerful,roadstermorgan,stands,crowd,rolls,down,streets,much,even,supercars,sports,cars,get,overshadowed
flying,car,prototype,soars,over,stopped,car,conservative,leader,target,impossible,without,serious,drop,living,standards,bankrupting
nasa,won,let,starliner,die,just,yet,even,after,boeing,space,fiasco,china,continues,rapid,improvement
revlon,step,volumizer,plus,review,hot,looks,less,rivian,arguably,ultimate,company,right,sure,still,very,limited,lineup,tech,among,best,vehicles,unique,premium,unlike,tesla,brand,largely,gone,untainted,leadership,rivian
best,ram,new,mercedes,benz,cla,smart,design,meets,cutting,edge,techelectric,cars,digital,features,becoming,standard,new,vehicles,few,models,successfully,combine,these,elements,genuinely,thoughtful,design,mercedes,benz,all,new,cla
morgan,supersport,fusion,old,school,modern,aesthetics,powerful,roadster,mark,perlmutter,doctors,working,without,soap,antibiotics,ray,facilities,israel,resumed,offensive,against,hamas
net,zero,impossible,badenoch,top,private,lenders,including,ares,management,hps,investment,partners,step,closer,trying,get,even,find,some,money
chinese,auto,giant,announces,massive,step,forward,quest,holy,grail,electric,vehicle,tech,already,far,behind,jan,blachowicz,returns,action,against,carlos,ulberg,ufc,london,after,detox,life,recovered,double,shoulder,surgery
rivian,review,best,electric,truck,there,thats,sticker,shock,eggheads,taken,look,previously,developed,techniques,used,trick,self,driving,cars,into,doing,wrong,thing,found,cheap,stickers,stuck,stop,speed,limit,signs,least,pretty,effective
new,mercedes,benz,cla,smart,design,meets,cutting,edge,tech,cars,meant,fun,most,fun,things,car,massive,spoiler,wing,slapped,rear,end
wounded,palestinians,dying,over,lack,supplies,surgeon,worked,gaza,ways,being,developed,subsea,cables,sense,whether,being,disturbed,attacked
once,hot,startup,got,billion,loan,million,went,high,school,dropouts,sham,hedge,fund,judge,rules,city,found,nice,little,way,indirectly,tax,big,tech,company
home,food,phone,blachowiczs,detox,life,ukrainian,company,making,ammunition,disperses,incendiary,material,small,pieces,metal,burn,unbelievably,high,temperatures
cheap,simple,sign,trickery,will,bamboozle,self,driving,cars,fresh,research,claims,update,philips,hue,app,week,appears,leaked,new,hue,secure,video,doorbell,reports,hueblog,unannounced,product,shows,section,offering,instructions,adding,devices,code,screenshots,below
these,cars,best,wings,ever,byetesla,tiktok,trend,shows,users,trading,teslas,taylor,swifts,song,look,made,amid,growing,anti,tesla,protests
subsea,fibre,cables,listen,sabotage,awful,april,will,see,range,household,bills,rise,there,ways,ease,pain
san,francisco,hit,waymo,hundreds,traffic,citations,chinas,biggest,electric,vehicle,maker,byd,launched,most,expensive,model,under,denza,brand,challenge,bmw,mercedes,benz,luxury
molten,thermite,drone,ammo,burns,through,damaged,russian,tanks,over,degrees,make,sure,stay,dead,partner,different,sleeping,styles,debate,over,soft,firm,mattress,should,helix,dual,mattress,topper,answer
hue,accidentally,leaks,new,video,doorbell,dont,just,load,amazon,here,best,ways,find,favorite,records,discogs,ebay,other,online,retailers
byetesla,people,posting,videos,tesla,trade,taylor,swift,song,elon,musk,said,tesla,vandalism,shocked,adding,neither,nor,company,done,anything,harmful
three,ways,cushion,blow,bill,rises,officers,responded,calls,three,separate,areas,city,including,report,suspect,trying,enter,home
byds,denza,launches,suv,rival,mercedes,bmw,premium,segment,save,password,coupon,march,enjoy,free,trial,get,off,business,plan,today
split,mattress,topper,made,partners,agree,rollout,going,area,even,there,guarantee,going,able,get,reliable,cell,service,everywhere,especially,happen,live,somewhere,especially,crowded,remote,work,comp
shop,vinyl,records,online,discogs,ebay,youtube,looking,into,issue,causing,lower,usual,video,quality,ios,desktop,smart,tvs,platform,apparent,bug,make,youtube,videos,shorts,stream,even,strong,internet,connection,over,past,week
elon,musk,hes,shocked,level,tesla,hate,vandalism,happening,ive,never,done,anything,harmful,tiktok,curse,blessing,depending,look,any,video,made,any,random,person,get,millions,views,without,much,rhyme,reason,thousands,comments,flood,people,make,reaction,videos,random,thoughts,referenced
police,arrest,year,old,man,accused,driving,around,boise,firing,gun,houses,look,every,smartwatch,buying,guide,internet,guarantee,either,divided,into,separate,guides,ios,android,verge,include,categories,best,iphone,owners,best,android,also,verge,fitness
password,coupon,get,off,march,whenever,verge,staffers,asked,describe,smart,tech,office,tools,kitchen,gadgets,whatever,else,talk,about,things,recently,bought,things,picked,years,ago,things,had,sitting,around,house,decades
set,calling,android,iphones,google,updating,gmail,allow,enterprise,users,send,encrypted,messages,any,inbox,just,few,clicks,google,developed,new,encryption,model,unlike,current,encryption,feature,gmail,doesn,require,senders,recipients
youtube,investigating,bug,causing,low,res,videos,mercedes,benz,cla,may,entry,level,model,leading,way,new,tech,hardware,improvements
weeklong,tiktok,fight,over,whether,nyc,influencers,boring,empty,maserati,driven,system,recently,set,new,autonomous,vehicle,speed,record,reached,blistering,mph,kph
opening,ios,good,news,smartwatches,gaming,driving,dicey,combination,yes,there,obvious,danger,combining,barreling,down,highway,fortnite,experts,also,warning,games,pose,another,risk,honeypot,hackers
amazon,spring,sale,deals,verge,staff,home,favorites,eric,schmidt,ceo,google,ceo,rocket,startup,relativity,space,company,spokesperson,confirmed,techcrunch,schmidt,will,replacing,relativity,space,founder,tim,ellis,ceo,role,schmidt,isn,alone
gmail,making,easier,businesses,send,encrypted,emails,anyone,these,most,common,mistakes,lead,irs,audit,according,tax,lawyer,heres,avoid
mercedes,benz,cla,small,car,ushering,big,tech,updates,instincts,might,good,hope,going,gut,thrilling,personal,vulnerable,brave,getting,seek,keep,often,instincts,way,hiding,undermined,lack,knowledge
watch,driven,maserati,insanely,fast,new,speed,record,few,years,ago,american,automaker,general,motors,announced,would,phasing,support,carplay,android,auto,new,electric,vehicles,favor,own,software,platform,controversial,decision,many,drivers
gaming,car,google,adds,distractions,while,experts,warn,hacked,vehicles,picky,customer,oppositional,whatever,offer,want,something,slightly,different,particular,customer,easy,delight,tell,want,want,get,choose,here
google,ceo,eric,schmidt,newest,big,tech,space,exec,plus,babak,anvari,still,plans,bring,new,cloverfield,life
avoid,these,red,flags,trigger,irs,audit,tax,season,attorney,general,pamela,bondi,accused,part,wave,domestic,terrorism,experts,say,common,stance,federal,government,used,seek,stiffer,penalties
highway,arcade,arcade,may,work,fighting,stick,console,save,clogging,living,room,cabinets
reportedly,blocks,dealership,installing,carplay,newer,evs,drivers,denver,get,free,airtag,hide,vehicle,program,denver,police,department,hopes,will,reduce,auto,thefts,airtag,car,keyairtag,proven,itself,extremely,useful,comes,fighting,crime,regularly,beco
picky,particular,promoting,elon,musk,car,company,donald,trump,showed,just,far,allies
fifth,john,wick,will,happen,come,hell,high,water,business,insider,recently,traveled,pripyat,city,northern,ukraine,evacuated,abandoned,after,chernobyl,disaster
people,face,federal,charges,tesla,attacks,such,acts,domestic,terrorism,strategy,government,wrangle,private,say,little,possible,public,political,editor,writes
army,approves,production,vehicle,mounted,gps,alternative,depending,ask,internet,weighs,potato,strawberry,something,much,much,smaller,wired,investigates
big,controller,lets,relive,arcade,gaming,glory,days,new,version,starship,will,tested,again,four,six,weeks,third,consecutive,failure,indicate,fundamental,problems,updated,design
denver,drivers,get,free,airtags,cut,auto,thefts,football,fan,finds,piles,official,military,documents,scattered,along,street,newcastle
classic,cars,stay,away,buying,car,company,fortunes,riding,elon,musk,future
donald,trump,tesla,salesman,maybe,just,want,improve,resale,value
eerie,photos,capture,bis,journey,into,ghost,town,near,chernobyl,people,lived,here,before,nuclear,disaster,struck,check,engine,light,flashes,time,take,car,shop,once,again,mean,put,off,week,months,some,drivers,longer,wait,worse,off,car,going,sometimes,just,need,oil
chris,mason,trump,means,uncertainty,new,certainty,hoto,makes,tools,diy,tinkerers,preference,just,tools,perform,look,too,hyperbolic,slickest,tools,seen,love,tell,verge,readers,every,time,products,sale
weight,internet,will,shock,thousands,phev,models,equipped,battery,module,short,circuit,cause,thermal,runaway
spacex,latest,starship,explosion,marks,two,consecutive,failures,risc,architecture,gonna,change,everything,those,absurdly,geeky,incredibly,prophetic,words,were,spoken,years,ago,today,somehow,truer,ever
sensitive,army,papers,found,scattered,newcastle,street,authorities,france,investigating,suspected,arson,attack,left,dozen,tesla,vehicles,burnt,dealership,trending
tesla,needs,better,story,may,seen,apple,maps,survey,cars,area,before,drive,around,cars,take,photos,scans,generate,ground,truth,data,used,improve,map,accuracy,offer,features,look,around,apple,equivalent,google,stre
see,devastating,aftermath,deadly,vehicle,car,crash,austin,dji,power,portable,power,station,capable,output,dropped,price
tesla,owners,disguising,cars,bizarre,new,way,someones,afraid,getting,vandalized,prince,william,joins,training,exercise,soldiers,estonia,guarding,natos,eastern,border,russia
had,put,cases,oil,motor,mechanics,share,surprising,cars,customers,brought,family,woman,died,north,las,vegas,rollover,crash,continues,mourn,loss
hoto,handy,rechargeable,tools,percent,off,cyprus,forging,closer,ties,new,agreements,let,strategic,mediterranean,island,nation,easily,buy,weapons
volvo,tells,plug,hybrid,owners,stop,charging,sales,electric,truck,which,had,torturous,production,ramp,launched,higher,price,tag,expected,underwhelming
risc,architecture,really,did,change,everything,epa,takes,aim,water,air,toxics,protections,part,massive,deregulation,campaign
tesla,showroom,set,fire,nissan,car,maker,just,built,gorgeous,nismo,inspired,sushi,knifewith,volkswagen,officially,selling,sausages,cars,last,year,nissan,building,chef,knives,these,car,marques,seem,really,embracing,side,missions
apple,maps,look,around,cars,will,also,take,photos,help,train,apple,intelligence,models,track,meets,street,jon,olsson,audi,gets,treatmentautomotive,customization,often,treads,familiar,ground,jon,olsson,continues,push,boundaries,latest,creation,audi,avant,sporting,formula,inspired
dji,power,portable,power,station,lowest,price,amazon,limited,time,bad,enough,dont,buttons,car,anymore,deal,talkative,chat,bots
prince,william,sends,strong,message,tank,near,russian,border,famous,youtube,creator,former,nasa,engineer,mark,rober,provides,million,subscribers,scientific,entertainment,videos,put,teslas,vision,based,safety,features,against,lidar,system,results,although,arguably,flawed,highlight
were,all,devastated,north,las,vegas,mom,dies,crash,police,were,able,use,ipad,key,evidence,trial,three,men,plotted,murder,cage,fighter
lot,easier,strategic,island,pulling,away,moscow,ditch,russian,weapons,buy,american,police,raided,home,found,toothbrush,inmate,anthony,saundersons,dna
tesla,offering,free,lifetime,supercharging,cybertruck,buyers,demand,slows,were,both,ferraris,disqualified,china,costly,constructors,title,fight
epa,takes,aim,toxic,protections,begins,massive,deregulation,campaign,generated,newspaper,obituary
nissan,car,maker,just,built,gorgeous,nismo,inspired,sushi,knife,adams,county,whtm,hundreds,charges,were,filed,monday,against,adams,county,car,dealership,owner,after,troopers,alleged,falsified,documents
track,meets,street,jon,olsson,audi,gets,treatment,transmission,recalls,never,fun,happen,here,worst,ones,last,few,years,hopefully,vehicle,isnt,listed
google,bringing,gemini,android,auto,sounds,annoying,about,people,die,every,day,after,being,hit,car,make,walking,safer,need,big,cultural,shift,view,pedestrian,safety
tesla,autopilot,car,drove,into,giant,photo,road,hanging,back,speeding,car,tackling,freezing,conditions,heres,shot,photo,feature,wintry,northern,sweden
ipad,dug,thames,solved,museum,thieves,murder,plot,collision,damage,waiver,cdw,additional,insurance,coverage,offered,individual,renting,car,automobile,find,where,buy
prison,governor,had,fling,drug,dealer,inmate,court,hears,looking,something,extra,cozy,sleep,these,flannel,sheets,softest,youll,find,whether,youre,looking,luxurious,velvet,flannel,something,light,enough,hot,sleeper
ferraris,shanghai,debacle,explaining,hamilton,leclerc,dqs,went,safari,time,south,africa,learned,surprising,things,about,bathroom,situation,food,animal,encounters
italian,newspaper,creates,entirely,generated,edition,channeling,spirit,classic,british,sports,cars,longbow,speedster,roadster,set,create,category,featherweight,electric,vehicle,lacking,roof,powered,single,motor,driving,rear,wheels,speedster,weighs
car,crashes,into,dollar,tree,harrisburg,solar,powered,transportation,eco,friendly,revolution,taking,oversolar,energy,increasingly,being,utilized,future,transportation,promote,sustainable,mobility,reducing,reliance,non,renewable,fossil,fuels,while,meeting,energy,demands
adams,county,car,dealership,owner,facing,charges,falsifying,penndot,records,psp,fate,discussion,arab,leaders,egypt,gazans,want,future
these,worst,transmission,recalls,last,years,iranian,officials,encouraging,people,report,women,refuse,obey,islamic,republics,dress,code,according,report
walking,shouldn,dangerous,new,report,teacher,vacancy,posts,record,high,schools,recruitment,problems,persist
took,leica,photograph,cars,arctic,these,pro,tips,just,matter,years,quadrotor,drones,gone,consumer,playthings,cia,level,technology,drone,manufacturer,djis,dock,moves,well,beyond,consumer,sector,targeting,emergency,responders,infrastructure,inspectors,drone,box
need,collision,damage,waiver,cartel,member,tells,bbcs,quentin,sommerville,impact,illegal,drug,problem
best,flannel,sheets,tested,reviewed,supporters,presidents,art,deal,action,using,every,negotiating,tool,tactic,disposal
spent,week,safari,south,africa,bathroom,situation,wasnt,bad,got,wildly,close,animals,apple,likely,release,macbook,air,even,new,ipad,air,week
longbow,speedster,roadster,considering,demo,found,clear,google,isnt,done,autmobile
solar,powered,transportation,eco,friendly,revolution,taking,over,police,australia,expanding,usage,carplay,roads,car,infotainment,software,used,display,information,based,surrounding,drivers,license,plates,australian,police,using,carplay,image,credit,motorola,solutionscarplay
ford,recalling,vehicles,fix,issues,past,recall,repairs,yes,again,plus,alleged,snowflake,hacker,will,extradited,internet,restrictions,create,information,vacuum,myanmar,london,gets,permanent,face,recognition,cameras
stay,gazans,face,tough,choices,future,debated,global,stage,expanding,size,american,cars,over,past,few,decades,increasing,congestion,reducing,vehicle,capacity,roadway
iran,using,drones,apps,enforce,womens,dress,code,uber,lyft,drivers,say,inconsistent,tipping,makes,difficult,earnings,environment,even,harder,driver,shares,tricks
act,never,hit,teachers,target,report,warns,fact,checking,president,donald,trumps,speech,congress
djis,incredible,vehicle,deployed,drone,portable,power,many,interpretations,probably,havent,seen,anything,mini,mah,battery,pack,cuktech,before
mexico,cartel,safe,house,streets,bbc,tracks,deadly,fentanyl,targeted,trump,tariffs,introduced,small,city,car,aston,martin,cygnet,never,meant,rival,brands,touring,cars,didnt,stop,engineering,aston,martin,teams,dropping,vantage
trumps,week,dealing,means,fast,pace,few,concerns,about,risks,mondays,test,flight,will,attempt,deploy,four,starlink,simulators,megarocket
vehicles,recalled,ford,volvo,nissan,over,safety,risks,ford,issued,incredible,eight,recalls,single,day,affecting,tens,thousands,vehicles,dating,back,far
tim,cook,teases,new,apple,air,products,coming,very,soon,robo,taxi,services,driverless,trucks,gaining,ground,progress,painstaking
gemini,works,android,auto,needs,time,ancel,via,amazon,ancel,bluetooth,car,battery,load,tester,monitor,sale,redeem,save,promo,code,offer,page,apply,promo,code
carplay,helps,australian,police,scan,license,plates,automatically,pair,given,penalty,after,finding,young,man,once,arrived,home,essex
top,trump,officials,passwords,personal,phone,numbers,discovered,online,industry,insiders,say,uncertainty,around,park,access,causing,travelers,hold,off,bookings,cancel,plans,entirely
expanding,size,american,cars,over,past,few,decades,video,game,developers,nuclear,power,plant,companies,across,china,adopting,deepseek,models,boost,stock,prices,flaunt,national,pride
part,time,uber,driver,earned,last,year,explains,thinks,ukulele,earned,tips,experienced,shooters,timers,alike,capture,amazing,action,videos,day,night,just,amazon
fact,checking,trumps,speech,congress,save,most,reliable,xbox,controller,market,slick,blue,colorway
cuktechs,mah,battery,pack,gives,whole,new,meaning,power,car,wheels,speedometers,gauges,list,explores,automobile,aesthetics,appear,modern,watches,designboom,picks,automotive,inspired,timepiece,designs,watches,wonders,appeared,designboom,architectu
aston,martin,super,cygnet,american,family,moved,okinawa,lived,japan,years,driving,shopping,parenting,here,surprised
new,corvettes,missing,kentucky,car,plant,conspicuous,muscle,cars,all,found,tariffs,imported,cars,auto,parts,will,sharply,increase,prices,hitting,demand,jobs,experts,say
pursuit,vehicle,six,teens,inside,ends,crash,camp,pendleton,mansory,german,company,tricks,exotic,cars,largely,clients,dubai,work,consists,bolting,extraneous,functionless,extra,parts,onto,vehicles,effort,create,visual,interest,example,heres,land,rover,defender
juvenile,suffers,serious,injuries,after,being,struck,vehicle,maywood,president,remarks,included,false,misleading,information,immigration,economy,democrats
manufacturer,set,announce,electric,vehicle,will,cost,less,attractive,everyone,severe,weather,across,seven,states,kicked,devastating,combination,wildfires,dust,storms,tornadoes
rivian,help,brings,forward,launch,software,defined,vehicle,android,auto,soon,let,directly,control,cars,temperature,fan,settings,new,climate,control,options,hint,possibility
vehicle,sinks,manasota,beach,boat,ramp,after,faulty,boat,launch,many,tourists,arizona,miss,scottsdale,art,scene,forget,make,restaurant,reservations,dont,prepare,extreme,heat
teen,facing,dui,charges,after,being,found,asleep,vehicle,blocking,highway,new,hampshire,model,will,offer,miles,range,last,piece,puzzle,next,generation,lineup,said,thomas,schaefer,ceo,brand
bodies,three,four,soldiers,whose,vehicle,submerged,lithuania,recovered,iphone,introduced,notion,everything,device,universally,celebrated,single,object,serve
least,dead,after,vehicle,pileup,during,dust,storm,kansas,family,rental,car,gps,notes,trio,had,last,traveling,march,likely,grand,canyon,las,vegas
startup,reports,shocking,results,after,testing,kind,vehicle,desert,exceptional,milkshake,themed,muscle,car,wasn,bingo,card,here,view,entire
huntersville,hotels,hit,series,vehicle,thefts,break,ins,many,assumed,elon,musks,proximity,donald,trump,would,net,positive,insiders,said,musks,political,entanglements,represent,identity,crisis
watch,live,spacex,attempts,starship,flight,after,explosion,rained,debris,over,atlantic,surprised,disgusted,take,hear,very,good,reason,infinix,tri,fold,exciting,huawei,mate
ford,issues,storm,recalls,maverick,expedition,navigator,escape,corsair,mach,lightning,ecosport,models,tesla,once,leader,struggles,keep,chinese,automakers,outpace,sales,pricing,innovation,especially,emerging,markets
rats,size,cats,attacking,cars,after,invading,city,during,bin,strikes,donald,trump,said,tariff,most,beautiful,word,dictionary,throughout,months,office,president,given,americans,plenty,cause,googling,word,definition,since,january,trump,announced,tariffs
trump,tariffs,imported,cars,trucks,likely,see,price,hikes,residents,stuck,middle,dispute,between,birmingham,city,council,striking,bin,workers
slow,steady,advance,driverless,vehicles,mitchell,feldman,bought,tesla,loved,cars,safety,features,high,tech,system,didnt,realize,would,come,scrutiny
mystery,substance,coats,cars,homes,throughout,louis,metro,east,tesla,recalling,cybertrucks,stop,trim,panel,potentially,falling,off,becoming,road,hazard,vehicles,eighth,recall
hwy,bump,sends,cars,airborne,locals,fight,improvements,told,there,only,two,options,table,both,limiting,most,people,conditioned,option,dispensary,call,society,will,choose,lesser,two,limitations,some,will,try,find,third,option,put,table
ancel,bluetooth,car,battery,load,tester,monitor,although,love,android,auto,carplays,less,distracting,stellar,navigation,options,make,better,choice,morning,commute
couple,discovered,migrant,back,motorhome,after,trip,france,fined,global,markets,saw,wave,selloffs,monday,morning,ahead,expected,introduction,president,donald,trumps,sweeping,tariffs,wednesday
national,park,summer,bookings,down,amid,doge,fueled,turmoil,fires,described,terrorism,federal,authorities
chinese,companies,rush,put,deepseek,everything,blue,ghost,midst,spending,entire,lunar,day,surface,moon,equivalent,days,earth
just,anyone,channel,inner,spielberg,dji,osmo,action,essential,combo,apples,mac,studio,option,either,max,ultra,chip,either,way,set,take,over,desktop,space
xbox,controller,back,black,friday,price,amazon,cutting,margin,close,zero,new,review,evidence,finds,only,handful,common,remedies,provide,modest,benefit,acute,chronic,back,pain
dependable,cars,will,make,miles,according,consumer,reports,everything,sides,main,dishes,air,fried,roasted,baked,broiled,customized,doneness,game,changing,kitchen,machine
over,cars,impounded,nyc,ghost,license,plate,crackdown,mta,weather,balloon,operations,will,stop,reduced,locations,across,country,due,staffing,shortages,caused,recent,noaa,layoffs
designboom,picks,automotive,inspired,timepiece,designs,watches,wonders,save,premium,membership,upgrade,premium,plus,subscription,just,get,incredible,deals,domestic,international,flights
family,moved,japan,years,ago,living,here,filled,surprising,perks,quirks,challenges,steam,decks,success,boils,down,ease,use,something,may,soon,get,asus,lenovo,brand,handhelds
trump,america,policy,complicating,business,making,cars,massive,limit,trade,credit,off,without,trade,latest,incentives,make,galaxy,ultra,favorite,smartphone,ever
aftermarket,cybertruck,shows,cant,fix,flawed,design,adding,hypershell,pro,hiking,exoskeleton,made,going,harder,longer,getting,less,normally
fact,checking,trump,speech,congress,need,crank,volume,turn,closed,captioning,buy,compact,speech,clarifying,speaker,amazon
residents,pick,pieces,after,devastating,storms,scour,south,midwest,head,amazon,grab,version,top,rated,external,drive,over,off,model,over,off
android,auto,about,turn,heat,car,comfort,time,change,hard,health,there,car,accidents,strokes,heart,attacks,week,people,eat,junk,food,migraines,heres,plus,tips,help,adapt
ive,lived,scottsdale,over,years,here,biggest,mistakes,see,tourists,make,visit,anyone,using,google,maps,navigate,while,driving,car,icons,choose
volkswagen,seeks,counter,rivals,budget,model,during,trips,around,parts,metro,area,rented,tesla,appeared,draw,little,notice,aside,possible,minor,incident
theres,psychological,burden,digital,life,even,heavier,distraction,led,former,openai,executive,amazon,lab,focuses,decision,making,capabilities,next,generation,software,agents,borrows,insights,physical,robots
new,details,emerge,search,missing,south,korean,family,disappeared,after,visiting,grand,canyon,during,winter,storm,will,impose,customised,tariff,rates,part,trumps,plan,reset,trade,relationships
new,generator,lets,design,any,ride,does,belong,road,junkyard,shift,just,changing,drive,interact,vehicles,world,around
tesla,flirted,disaster,before,time,feels,different,volvo,expanding,support,apple,car,key,platform,automaker,rolling,software,update,volvo,support,car,key,allows,drivers,store,key,apple,wallet,app,phone,use,start,lock
infinix,tri,fold,excites,huawei,mate,moved,american,family,netherlands,year,ago,quality,life,transportation,jobs,education,healthcare,upgraded
tesla,loses,ground,chinese,evs,dominate,global,markets,president,trump,announced,month,reprieve,import,tariffs,automakers,after,imposed,canada,mexico,thousands,fired,usda,workers,return,work,today
trump,tariffs,will,affect,economy,wallet,president,once,derided,attempts,develop,new,green,technology,green,new,scam,deal,help,boost,uss,potential,sector
giant,rats,stench,theres,end,sight,binmageddon,russias,invasion,turned,ukraine,into,most,heavily,mined,country,world,cleaning,will,take,decades
bought,tesla,safety,technology,strangers,mocked,supporting,elon,musk,wont,stop,buying,another,tariffs,imported,cars,combined,general,tariffs,will,raise,prices,buyers,face,whether,buying,foreign,domestic,cars,even,used,cars
another,recall,teslas,cybertruck,time,conversation,insead,professor,christoph,senn,ceo,either,overly,involved,involved,enough,deals
miss,leoparda,painted,parable,third,way,change,world,mercedes,benzs,most,affordable,vehicles,cla,often,overlooked,model,heralds,changes,will,affect,entire,lineup,standard,model,debut,all,electric,vehicle,built,volt
awesome,carplay,features,android,auto,users,missing,car,shop,long,too,long,mechanic,take,fix,issues,vehicle,shop,mess,whole,day,week,most,need,car,motorcycle,get,around,cant,shopping
stock,markets,jittery,trumps,liberation,day,tariffs,loom,five,soldiers,tell,bbc,withdrawal,face,overwhelming,firepower,drones
fbi,arrests,year,old,nevada,man,allegedly,setting,fire,teslas,brellas,death,prompted,international,manhunt,husband,pankaj,lamba
watch,firefly,blue,ghost,tear,hole,lunar,surface,after,adjusting,microgravity,getting,through,few,bouts,vomiting,astronauts,got,work,polar,orbit
new,mac,studio,features,apple,most,powerful,silicon,yet,googles,new,pixel,keeps,sub,price,point,adds,ton,features,does,compare,pricier,iphone,lets,find
feel,nothing,works,back,pain,science,right,free,time,rare,thing,which,all,reason,make,sure,downtime,isn,going,waste,help,put,together,list,favorite,games,shows,movies,space,designed,make,process,finding
amazon,slashes,price,ninja,indoor,grill,hitting,record,low,just,time,spring,there,probably,lot,simple,tasks,repeatedly,phone,muting,meeting,reducing,screen,brightness,late,night,turning,battery,saver,leave,work,samsung,galaxy,phone,then,acc
doge,cuts,deflate,noaa,balloon,network,putting,accurate,weather,forecasts,jeopardy,ashly,burch,award,winning,voice,performance,actor,behind,horizon,zero,dawn,aloy,most,prominent,characters,playstation,today,some,news,some,very,strong,thoughts,about,leaked,sony,experiment,saw,character,voiced
year,cheapest,airfare,imaginable,yours,just,dollar,flight,club,subscription,netflix,other,streaming,platforms,stepping,efforts,sign,youtubers,which,mean,big,streaming,deals,sports,channel,dude,perfect,former,nasa,engineer,mark,rober,reports,wall,street,journal,journal,writes,streaming,platfo
steamos,windows,handhelds,bringing,step,closer,perfect,gaming,handheld,flight,back,new,york,other,day,something,really,odd,happened,landed,passengers,burst,into,applause,only,ever,seen,happen,after,flight,really,bad,turbulence,big,delay,totally,boring,fli
samsung,official,store,here,trick,save,new,galaxy,ultra,reddit,will,issue,warnings,users,upvote,several,pieces,content,banned,violating,policies,within,certain,timeframe,starting,violent,content,company,announced,wednesday,will,impact,vast,major
hypershell,exoskeleton,good,climbing,cliffs,ruined,workout,lego,announced,another,popular,gaming,franchise,getting,plastic,brick,treatment,website,company,teased,lego,pok,mon,sets,coming,soon,also,sets,won,arrive,until,which,isn,soon,hope
ears,wallet,will,love,limited,time,deal,bose,soundbar,google,started,rolling,new,features,gemini,live,let,see,screen,through,smartphone,camera,answer,questions,about,either,real,time,google,spokesperson,alex,joseph,confirmed,email,verge,features
sandisk,portable,ssds,back,stock,amazon,priced,lowest,ever,zagg,new,six,port,media,hub,expands,connectivity,ipads,android,tablets,other,mobile,devices,handful,extra,ports,including,hdmi,pair,memory,card,slots,potentially,even,useful,dedicated,set,three,playback,buttons
daylight,saving,time,started,heres,adjust,instagram,rolling,new,program,fast,track,moderation,reports,made,school,districts,after,district,joins,new,schools,partnership,program,any,account,flag,potentially,violating,instagram,rules,will,automatically,prio
better,match,google,maps,icon,real,car,sold,outdoor,camplight,bougerv,very,bright,led,lantern,really,multifunctional,work,lamp,any,place,needs,extra,dose,lighting,rechargeable,compact,enough,serve,long,lasting,flashlight,three,swiv
rented,tesla,metro,detroit,reactions,got,driving,elon,musks,controversial,brand,amazon,released,software,update,current,generation,colorsoft,paperwhite,lets,double,tap,sides,back,kindle,turn,page,new,feature,spotted,ebook,reader,listed,release,notes
amazons,agi,lab,reveals,work,advanced,agents,forget,about,black,friday,cyber,monday,prime,day,matter,second,year,row,amazon,launched,spring,sales,event,which,will,run,through,monday,march,offering,prime,non,prime,members,alike,opportunity,save
heres,trumps,tariffs,china,will,work,some,cars,take,places,sony,honda,mobility,shm,afeela,takes,into,future,blending,entertainment,technology,automotive,innovation,afeela,set,redefine,interact,vehicles,just,car,personal
people,face,federal,charges,tesla,arson,attacks,vehicles,canada,dealership,damaged,remember,nvidia,categorically,told,other,nvidia,gpus,had,shipped,would,shipping,missing,render,units,well,imagine,surprise,company,rtx,series,laptop,gpus,might,affected,well,heise
smart,cars,smarter,journeys,new,perspective,modern,vehicle,moft,announced,new,folio,style,cover,case,ipads,improve,tablet,ergonomics,anyone,working,apple,pencil,simply,watching,videos,moft,dynamic,folio,uses,origami,approach,transform,into,stand,elevate
volvo,expands,support,apple,car,key,feature,snapchat,platinum,subscribers,will,able,use,video,lenses,featuring,generated,animals,flowers,snap,announced,today,there,will,initially,three,lenses,which,snap,calls,video,lenses,fox,lens,example,fox,snu
general,motors,hints,major,tech,innovation,completely,transform,future,vehicles,momentum,really,there,shortly,after,introducing,new,ipad,ipad,air,apple,announced,slew,new,macs,powered,macbook,air,starts,inch,configuration,while,inch,variant,starts,also,buy,new,mac,studio,max
family,left,atlanta,netherlands,last,year,complete,upgrade,changed,quality,life,artcool,air,doesn,look,artsy,previous,artcool,air,conditioners,does,offer,improved,energy,efficiency,detecting,room,layout,position,occupants,direct,airflow,right,company,hasn,announ
automakers,granted,relief,tariffs,fired,usda,workers,return,work,hasbro,announced,new,version,monopoly,simplifies,gameplay,replacing,cash,banker,mobile,app,handles,all,game,transactions,monopoly,app,banking,smartphone,tablet,takes,over,role,banker,keeps,track
unexpected,knock,effect,trumps,minerals,deal,century,password,introduced,new,feature,today,will,make,easier,find,login,password,access,code,looking,based,where,using,app,will,let,add,specific,physical,location,items,automatically,app
meet,little,robot,helping,ukrainian,deminers,clean,massive,mess,buried,russian,explosives,don,want,sound,alarmist,anything,although,admit,naturally,pessimistic,way,things,going,good,idea,extra,source,power,home,case,storms,other,outages,luckily,ecoflow,running,sale,thro
trump,tariffs,drive,car,prices,dealer,profit,margins,meta,finally,allowing,threads,users,set,following,feed,any,custom,feeds,default,change,part,number,new,threads,features,including,ability,limit,replies,followers,only,better,video,player,opti
ceos,make,break,sales,suno,wasn,supposed,important,part,amazon,alexa,plus,presentation,song,generation,platform,minor,demonstration,alexa,plus,integrate,into,other,apps,sandwiched,between,other,announcements,caught,attenti
mercedes,benz,cla,sedan,comcast,charter,mobile,services,offer,access,satellite,based,emergency,messaging,launch,comes,just,day,after,network,provider,verizon,rolled,satellite,messaging,samsung,galaxy,google,pixel,devices,just,wit
mechanic,keeps,motorcycle,away,year,old,owner,months,refuses,send,photos,just,because,apologetic,doesnt,mean,going,get,bossed,around,only,matter,time,garmin,announced,today,launching,garmin,connect,plus,premium,tier,app,adds,powered,insights,few,other,expanded,features,existing,new,garmin,users,will,able,opt,free,day,trial
everything,finished,ukrainian,troops,relive,retreat,kursk,planning,giving,desk,workspace,good,spring,cleaning,anker,maggo,magnetic,charging,station,relatively,affordable,way,rid,life,excess,cable,clutter,especially,true,right,anker,versatile,chargi
murder,charge,authorised,over,harshita,brella,death,nintendo,won,legal,battle,against,dstorage,french,company,accused,hosting,pirated,games,file,sharing,site,fichier,com,press,release,sent,outlets,eurogamer,gbatemp,nintendo,french,court,agreed,fichier
motion,sickness,hits,hard,space,tourists,describe,polar,orbit,adventure,lot,feeling,tense,these,days,say,least,being,bombarded,disturbing,news,flashes,angry,videos,online,might,good,idea,turn,old,fashioned,method,escape,book,dedicated,reade
google,pixel,iphone,features,form,factor,across,politics,become,fashionable,blame,nearly,all,internet,ills,law,wrote,section,communications,decency,act,everyone,president,donald,trump,some,democratic,colleagues,argue,section,let
best,entertainment,three,days,after,immigration,customs,enforcement,ice,agents,arrested,mahmoud,khalil,white,house,confirmed,recent,columbia,graduate,hadn,charged,crime,instead,khalil,arrest,had,personally,ordered,secretary,state
set,routines,samsung,galaxy,phone,truth,social,overnight,president,donald,trump,claims,some,pardons,president,joe,biden,void,vacant,further,force,effect,saying,autopen,used,forge,former,president,signature,trump,alluded,specifically
hear,horizon,zero,dawn,actor,ashly,burch,thinks,about,taking,job,atari,selling,smartwatch,prioritizes,fun,over,functionality,watch,user,interface,customized,atari,themed,artwork,sound,effects,pushing,squarely,into,impulse,purchase,territory,watch,ability,play
dude,perfect,mark,rober,may,next,youtubers,get,big,streaming,deals,though,many,states,some,sort,tax,benefit,renters,everyone,renting,home,apartment,qualifies
flying,still,safe,faa,isn,save,anker,solix,portable,power,station,slightly,larger,iphone,pro,max
reddit,will,warn,users,repeatedly,upvote,banned,content,lego,speed,champions,adds,suki,iconic,honda,fast,furious,lineupthe,lego,speed,champions,series,getting,stronger,popular,every,iconic,car,set,released,collection,includes,big,names,formula
lego,announces,pok,mon,sets,coming,next,year,brazil,ruins,environment,make,easier,host,conference,about,solving,climate,change
google,rolling,gemini,real,time,video,features,endeavor,mantra,displaces,just,five,tons,water,csbc,hopes,used,drone,jammer,loitering,munition,fire,torpedoes
zagg,new,tablet,dock,adds,over,sized,playback,controls,ipad,months,pixel,feature,drop,comes,new,image,generation,capabilities,better,scam,detection,new,games,car
instagram,giving,schools,faster,way,get,students,posts,taken,down,shakespeare,had,way,words,many,enjoy,good,novel,over,literary,mouthful,wed,argue,shakespeare,had,too,many,words,sketchy,car,dealership,salesman,profiting,ill,fated,swindles,certainly,contest
bougerv,telescopic,lantern,ridiculously,versatile,cheap,process,offers,better,strength,weight,properties,youll,find,pedestrian,performance,cars
some,kindles,let,double,tap,anywhere,turn,page,american,voters,expressed,frustration,both,leaders,roles,dispute,shocked,world
amazon,big,spring,sale,all,deals,should,know,about,toll,equates,about,million,population,territory,around,people
streaming,gaming,sony,honda,afeela,elevates,every,ride,year,old,had,seen,heard,public,since,admitted,hospital,february
nvidia,denies,reports,rtx,laptop,gpus,missing,rops,too,new,consumer,action,asking,shoppers,stop,buying,amazon,any,companies,next,week
moft,new,origami,case,elevates,ipad,improved,ergonomics,chinese,electric,vehicle,industry,having,moment,right,leading,automakers,reveal,new,technologies,deals,major,rival,struggles,bounce,back
snapchat,rolling,powered,video,lenses,kyle,cliffords,behaviour,leading,murders,escalated,unprecedented,rate,say,police
here,preorder,apple,new,macbook,air,mac,studio,trump,claimed,auto,plant,growth,evidence,shows,reallocations,existing,facilities,rather,new,constructions
new,air,conditioner,directs,cool,air,towards,people,detects,proliferation,affordable,lithium,batteries,made,modern,life,convenient,way,only,imagine,everything,powered,squadrons,aas,ian,bogost
new,version,monopoly,replaces,cash,math,mobile,app,suvs,grow,size,engines,power,getting,smaller,engines,replaced,smaller,turbocharged,motors
password,making,easier,find,passwords,based,location,wreckfest,early,access,debut,admittedly,too,slim,immediate,return,investment,already,feeling,looking,totally,smashing
great,savings,ecoflow,delta,pro,which,will,keep,home,powered,cadillac,optiq,general,motors,luxury,brands,smallest,yet,maybe,best,value
threads,finally,lets,set,following,feed,default,suggestions,used,cars,youd,buy,under,ranged,sensible,compact,cars,old,corvettes
amazon,blundering,into,copyright,nightmare,cadillac,finally,gives,escalade,size,suv,electric,powertrain,match,impressive,tech,results,mixed
comcast,spectrum,join,satellite,messaging,wave,anonymous,reader,quotes,report,register,vodafone,warning,staff,work,onsite,least,eight,days,month,subject,disciplinary,action,april,group,employees,were,last,week,sent,hybrid,working,vodafone,memo
garmin,adds,subscription,tier,app,white,house,denied,media,reports,would,receive,briefing,classified,reports,about,china
anker,charging,station,dropped,new,low,price,split,fiction,new,game,takes,two,developer,hazelight,studios,doesn,anything,particularly,new,game,straightforward,adventure,strings,together,disparate,sci,fantasy,games,links,chain,bundled,tog
nintendo,wins,piracy,lawsuit,against,file,sharing,site,louise,gather,police,came,home,after,accused,picking,fungi
four,book,logging,apps,keep,reading,knew,volkswagens,upcoming,entry,level,electric,vehicle,would,cheap,repeated,times,care,count,feared,would,mean,would,look,every,bit,cheap,sticker,price,appears,fears,were,unfounded
internet,still,needs,section,ais,trillion,debate,centers,whether,chinchilla,approach,will,remain,critical,building,massive,systems,new,methods,prevail
trump,bringing,back,mccarthyism,after,mahmoud,khalil,tiktok,bytedance,staff,get,annual,performance,scores,some,being,offered,choice,pip,take,severance,leave
trump,biden,pardons,void,because,were,signed,autopen,lumon,infects,outside,world,sweet,vitriol,patricia,arquettes,harmony,cobel,returns,spotlight
watch,pong,missile,command,instead,apps,day,before,mass,protests,swept,tesla,sent,employees,video,describing,dynamic,environment,didnt,directly,address,protests
armored,vehicle,missing,lithuania,pulled,swamp,fate,soldiers,still,unknown,happy,mario,day,celebrate,world,most,iconic,plumber,nintendo,all,sorts,treats,fans,including,new,nintendo,switch,bundle,new,mario,kart,lego,set,new,theme,cutesy,alarmo,clock,nintendo,also,launched,massive,sale
tesla,forced,change,name,self,driving,china,since,cars,cant,fully,drive,themselves,over,years,seen,lot,fake,electronics,ranging,fake,power,saving,devices,plug,into,outlet,fake,car,ecu,optimizers,stick,into,obd,port,these
renters,get,tax,deductions,credits,tax,season,aid,funding,enabled,thousands,afghan,women,study,abroad,online,many,these,programmes,suspended
anker,solix,power,bank,station,drops,below,just,bit,larger,iphone,pro,max,time,update,iphone,because,there,carplay,waiting
bang,loud,drivers,report,damage,after,rocks,thrown,cars,state,route,jump,into,video,youtube,netflix,lot,happens,very,quickly,behind,scenes,video,data,rapidly,downloaded,device,which,then,unpack,normalize,information,into,smooth,hiccup,free,stream,process,encoding
lego,speed,champions,adds,suki,iconic,honda,fast,furious,lineup,new,game,releases,week,may,look,little,familiar,all,attempt,push,genres,series,new,directions,got,dark,game,about,plague,outbreak,where,finally,certified,doctor,instead,someone,taking,job
brazil,clears,miles,amazon,rainforest,make,space,climate,conference,family,innocent,year,old,man,hit,killed,car,during,police,chase,announced,funeral,arrangements
taiwan,new,all,purpose,sea,attack,drone,after,watching,ukraine,smashed,russias,black,sea,fleet,police,experimenting,various,methods,determine,whether,drivers,under,influence,marijuana,unlike,alcohol,number,factors,make,difficult,know,certainty
google,latest,pixel,feature,drop,will,let,pixel,studio,generate,images,people,job,market,always,daunting,place,many,new,graduates,recent,political,shifts,arent,making,any,easier,changes,funding
took,week,before,use,phone,again,guy,gets,payback,refund,shady,car,salesman,spamming,phone,text,messages,after,getting,sold,lemon,heart,manchester,groundbreaking,event,took,place,modern,computer,known,manchester,baby,ran,very,program,baby,ability,execute
mclaren,invented,new,carbon,fiber,tape,build,even,complex,parts,commercial,space,industry,booming,only,expected,keep,growing,billionaire,led,companies,send,rockets,into,sky,elon,musk,spacex,continues,dominate,space,industry,dozens,launches,each,year,soon
never,should,happened,americans,frustrated,trump,zelensky,spat,safe,cheap,gentle,environment,true,appeal,much,deeper
killed,gaza,hamas,run,health,ministry,best,barbecue,ive,ever,seen
listen,pope,francis,shares,voice,message,hospital,per,cent,tariffs,set,into,effect,april,would,increase,price,car,thousands,while,those,industry,say,mere,threat,tariffs,keeping,buyers,away
amazon,boycott,calculated,strike,will,retail,giant,feel,byd,just,built,pickup,outrun,sports,carsthe,automotive,world,just,got,most,fascinating,paradox,ton,pickup,truck,accelerates,sports,cars,while,sipping,fuel,meet
chinese,makers,having,moment,heres,looked,week,specialty,tools,cascade,designs,snow,saw,safety,shelter,cherys,wild,living,room,wheels,vehicle,concept,industrial,designer,innovation,leader,kevin,bethunes,new,nonlinear,navigating,design,curio
arrogant,soldier,turned,into,triple,killer,anomaly,become,norm,should,new,car,tariffs,trigger,higher,pre,owned,prices,down,road
car,plants,being,built,record,rates,trump,claims,march,until,march,get,botslabs,two,premium,video,doorbells,dash,cam,off,sponsored
ion,batteries,gone,too,far,emile,soleil,mysteriously,vanished,case,made,headlines,across,france
suvs,getting,bigger,engines,getting,smaller,just,about,fuel,economy,there,many,reasons,person,might,feel,compelled,purchase,tesla,cybertruck,most,those,reasons,tied,elon,musk,himself,elon,musk,think,pretty,cool,dude,despite,mawkish,behavior,mindless,doge,based,destruction
wreckfest,early,access,review,fortnite,found,quest,someone,planning,joyride,requires,steal,fletcher,kane,car,take,spin,found,quest,little,tricky,start,only,player,attempt,quest,time,see,player,drive,off,cassi
man,hospitalized,after,car,crashes,into,pond,state,farm,south,campus,foundational,startup,incubator,birthday,let,remember,some,worst,things,done
video,shows,new,jersey,mayor,stumbling,during,drunk,driving,arrest,young,son,car,elgin,ill,wgn,elgin,fire,department,dive,team,discovered,vehicle,pulled,fox,river,connection,karen,schepers,year,old
cadillac,entry,level,optiq,electric,suv,downsizing,done,right,android,auto,isnt,just,maps,spotify,these,hidden,gems,upgrade,drive,ways,didnt,expect
middle,finger,man,drove,dad,car,into,ocean,jacksonville,beach,police,say,elon,musk,held,last,minute,all,hands,event,teslas,texas,gigafactory,some,workers,felt,perplexed,while,others,were,reassured
ferrari,adjusted,software,help,hamilton,settle,car,team,liberation,day,moment,trump,plans,roll,set,tariffs,promises,will,free,united,states,foreign,goods
these,used,cars,would,buy,google,assistants,days,numbered,scheduled,join,google,graveyard,later,year
high,end,car,thieves,leave,cleveland,business,neighbors,shaken,team,after,team,imposed,ban,dirt,racing,lifted,christopher,bell,back,enjoying,hobby,loves,nascar,form,never,better
going,slo,hike,police,warn,smashed,car,windows,thefts,trailheads,company,pushed,open,deep,sea,mining,cozying,trump,administration,after,years,hitting,roadblocks,international,negotiations,island,nation,nauru,initially,sponsored,metals,company,tmc,deep,sea
realized,other,woman,sneaky,trick,boyfriend,car,president,donald,trump,new,auto,tariffs,will,significant,effect,tesla,tsla,ceo,elon,musk
man,arrested,centre,county,after,police,say,found,worth,cocaine,car,trump,reportedly,warned,some,automakers,raise,price,vehicles,response,tariffs
seattle,hailstorm,warning,protect,car,costly,damage,crazy,way,truckers,fit,cars,short,foot,car,haulers,https,cck,bxz,autopian,autopian,march,early,history,automobile,sales,cars,were,delivered,train,driving,factory,buyer
woman,children,killed,after,car,crashes,into,brooklyn,crosswalk,weapons,which,illegal,serbia,emit,sound,waves,which,trigger,sharp,ear,pain,disorientation,eardrum,ruptures,even,irreversible,hearing,damage
name,aside,cadillac,escalade,isn,smartest,decision,matthew,graham,mortgage,news,daily,mortgage,rates,inch,lower,remain,broadly,sideways,sideways,dominant,theme
vodafone,tells,employees,follow,rto,policy,lose,bonuses,powered,glasses,foldable,gaming,handhelds,even,sports,car,xiaomi,mwc,wild,showcase,cool,gadgets,pushing,boundaries,tech
elon,musk,meets,defence,officials,pentagon,visit,begin,step,beyond,boundaries,expand,empire,civilization,vii,note,investing,settler,sending,off,mission,settle,new,land,doesn,culminate,city,previous,entries,begin,township
split,fiction,doesn,need,original,play,good,tech,advances,law,mutates,some,cases,riley,carpenter,get,protections,other,cases,get,fewer,protections,case,dates,back,christopher,poller,suspect,waterbury,connecticut,police,officers,were,seeking,arrest
police,visit,over,mushroom,picking,alarms,forager,made,social,media,into,vehicle,ascent
volkswagens,electric,car,wins,just,price,ever,british,electric,sports,car,manufacturer,thats,longbow,new,niche,brand,coming,bills,itself,two,featherweight,models,revealed,which,recreate,essence,british,classics,lotus,elise
ais,trillion,question,will,chinchilla,live,die,president,donald,trump,seemed,issue,warning,individuals,participate,tesla,vandalisms,reports,destruction,vehicles,surge,across,country
tiktok,making,some,employees,choose,pip,severance,dmitrii,ovsiannikov,accused,receiving,wife,new,mercedes,benz,suv,brother
severance,introduces,wider,weirder,world,latest,greatest,version,top,rated,inch,tablet,off,part,amazons,springtime,sales,event
tesla,sent,video,sales,staff,before,protests,featured,smiling,workers,dog,reminder,stay,vigilant,whenever,feels,tired,work,real,estate,goes,beach,stay,samuis,neighboring,thai,islands,recharge
best,mario,day,deals,nintendo,switch,games,accessories,transportation,secretary,sean,duffy,demanding,safety,plan,city
inside,fake,wifi,repeater,amazon,ecoflow,river,portable,power,station,including,solar,panels,off,limited,time
afghan,women,fled,taliban,study,abroad,face,return,after,usaid,freeze,all,seems,extremely,well,thought,planned
apple,carplay,update,available,brings,trio,great,new,features,free,announced,tariffs,significantly,increase,costs,trump,wiggle,room,vehicles,will,remain,tariff,free,until,customs,establishes,new,process
supposed,make,streaming,better,isn,everyone,using,uber,lyft,drivers,teslas,reveal,handle,passenger,questions,about,elon,musk,preserve,tips,competitive,gig,economy
assassin,creed,shadows,other,new,games,week,after,final,batch,japanese,cars,nissan,will,pull,plug,good
