Supercommuter,mom,travels,to,work,by,plane,every,day,because,it,cheaper,than,renting,there,Shes,taking,the,title,to,new,heights
Did,you,plan,to,buy,a,home,but,found,renting,is,cheaper,We,want,to,hear,from,you,As,mortgage,rates,and,home,prices,have,risen,the,rent,vs,buy,calculation,has,changed,If,youre,renting,when,youd,planned,to,buy,tell,us,your,story
top,cities,for,young,people,thanks,to,falling,rent,and,ample,social,activities,Rent,has,soared,in,some,cities,due,to,return,to,office,mandates,and,buying,still,isnt,an,affordable,option,Here,are,top,cities,for,young,people
Its,harder,for,single,people,to,afford,a,home,here,are,the,most,solo,friendly,housing,markets,These,states,have,the,highest,percentage,of,single,homeowners
Flat,owners,seething,at,a,year,service,fee,Flat,owners,at,an,Manchester,apartment,block,rail,against,a,service,charge,increase,from,April
We,still,rent,in,our,We,spend,our,money,on,organic,food,and,schools,and,feel,we,dont,need,to,buy,a,house,to,be,happy,My,husband,and,realized,wed,rather,rent,than,buy,a,house,We,spend,our,money,on,organic,food,and,schools,for,our,daughter,and,are,happier,for,it
Your,apartment,building,is,made,of,steel,and,Trumps,trade,plans,could,mean,higher,rent,Larger,buildings,require,more,steel,in,their,framing,and,foundations,so,apartments,and,condos,will,likely,be,more,impacted,by,the,tariffs
Does,federal,law,protect,servicemembers,from,delinquent,rent,Redbox,was,a,company,with,a,moderately,interesting,business,model,it,let,you,rent,DVDs,from,automated,kiosks,It,an,idea,so,simple,it,almost,surprising,it,didn,appear,sooner,Only,read,more
RedBox,In,The,Meet,The,VHS,Vending,Behemoth,Gainesville,and,Durham,gave,formerly,incarcerated,residents,a,month,It,helped,participants,afford,food,and,other,essentials
cities,tried,basic,income,for,formerly,incarcerated,people,Participants,felt,more,food,secure,but,struggled,to,pay,for,housing,Darrell,Spencer,became,a,millionaire,at,through,investing,and,his,business,Crowned,Kings,He,rents,a,modest,condo,and,spends,strategically
became,a,millionaire,at,still,rent,a,modest,condo,and,hang,out,with,my,high,school,friends,man,who,was,wrongly,jailed,for,years,receives,the,first,instalment,of,a,compensation,payout
Wrongly,convicted,Andy,Malkinson,gets,first,payout,New,legislation,in,Congress,aims,to,tackle,a,financial,burden,weighing,on,millions,of,households,rent,that,is,too,damn,high,as,one,NYC,activist,famously,claimed
Rents,are,high,new,bill,in,Congress,aims,to,change,that,In,November,Transport,for,London,TfL,announced,new,steps,to,regulate,bikes,but,a,lack,of,legislation,or,power,meant,that,most,of,the,onus,fell,to,bike,services,to,do,the,right,thing,Now,Lime,CEO,Wayne,Ting,has,announced,a,million,million
Lime,announces,million,action,plan,to,help,fix,Londons,bike,chaos,People,reveal,what,measures,they,take,to,save,money,in,times,of,a,cost,of,living,crisis,The,post,The,Hour,Rule,Surprising,Life,Hacks,To,Save,Money,That,People,Swear,By,first,appeared,on,Bored,Panda
The,Hour,Rule,Surprising,Life,Hacks,To,Save,Money,That,People,Swear,By,Here,are,a,few,measures,of,inflation,The,first,graph,is,the,one,Fed,Chair,Powell,had,mentioned,when,services,less,rent,of,shelter,was,up
YoY,Measures,of,Inflation,Services,Goods,and,Shelter,Greece,holds,particular,financial,advantages,to,expats,such,as,golden,visas,digital,nomad,visas,and,a,competitive,cost,of,living,Heres,what,it,means,to,be,wealthy
What,It,Means,To,Be,Wealthy,In,Greece,The,Public,Accounts,Committee,warns,the,government,of,gambling,public,money,on,carbon,capture
bn,for,unproven,green,tech,could,raise,bills,MPs,warn,Rising,food,and,housing,costs,have,hit,the,lowest,income,Americans,the,hardest,in,recent,years
One,chart,shows,that,low,income,Americans,get,hit,hardest,by,inflation,The,business,websites,AI,writers,are,scraping,information,from,other,AI,writers,enabling,a,loop,of,generated,garbage
Quartz,New,AI,Slop,Is,Regurgitated,AI,Slop,ll,never,forgive,myself,for,moving,from,that,place,View,Entire,Post
People,Are,Comparing,Their,Rent,Prices,Now,Vs,Years,Ago,And,Its,Beyond,Ridiculous,House,Minority,Leader,Hakeem,Jeffries,appeared,on,ABC,News,This,Week,where,he,decried,the,toxic,bait,and,switch,of,President,Donald,Trumps,leadership
Hakeem,Jeffries,decries,Trumps,toxic,bait,and,switch,presidency,The,King,makes,the,artist,a,Dame,Commander,for,services,to,the,arts,at,a,Buckingham,Palace,ceremony
Cancer,changed,a,lot,for,me,Dame,Tracey,Emin,The,foreign,office,is,spending,millions,trying,to,deter,people,from,coming,to,the,country,despite,seemingly,being,aware,such,strategies,dont,really,work
Anti,Immigration,Ads,Emphasize,Economy,Cost,Of,Living,Inflation,has,been,working,hard,in,the,US,but,wages,are,working,harder
Landlords,use,credit,reports,to,collect,rent,leaving,tenants,with,costly,surprises,Ontarios,main,political,parties,are,competing,for,the,hearts,of,voters,by,appealing,to,their,wallets,with,a,mix,of,tax,cuts,and,money,back,rebates,pitched,as,helping,with,the,cost,of,living
One,chart,shows,the,US,is,a,rare,major,economy,where,wages,have,been,outpacing,inflation,Today,in,the,Real,Estate,Newsletter,Asking,Rents,Mostly,Unchanged,Year,over,year,Brief,excerpt,Another,monthly,update,on,rents,Tracki
Which,Ontario,party,would,make,your,life,more,affordable,Depends,who,you,are,Today,in,the,Calculated,Risk,Real,Estate,Newsletter,Inflation,Adjusted,House,Prices,Below,Peak,Excerpt,It,has,been,over,ye
Asking,Rents,Mostly,Unchanged,Year,over,year,New,York,California,and,Texas,come,out,on,top
Inflation,Adjusted,House,Prices,Below,Peak,Price,to,rent,index,is,below,peak,Crunchyrolls,The,Girlfriends,Who,Really,Really,Really,Really,REALLY,Love,You,is,the,final,boss,of,polycule,fanservice,anime
Inflation,Adjusted,House,Prices,Below,Peak,Price,to,rent,index,is,below,peak,If,theres,one,thing,for,The,Simpsons,to,be,prescient,about,in,hindsight,it,better,be,her,eventual,arrival
The,Best,States,to,Move,to,for,a,Fresh,Start,Heres,what,to,expect,for,mortgage,rates,during,the,week,of,Feb
This,Self,Aware,Harem,Anime,Must,Finish,Its,Story,Mortgage,interest,rates,saw,a,mild,recovery,this,month,but,housing,market,experts,say,that,doesnt,change,much,for,affordability
An,Ode,to,President,Lisa,Simpson,Despite,economic,and,political,uncertainty,mortgage,rates,seem,to,be,stuck,close,to
Weekly,Mortgage,Predictions,Tariffs,and,Labor,Data,Could,Spark,Volatility,Coalition,partners,object,to,a,hike,in,VAT,forcing,Enoch,Godongwana,to,postpone,his,budget,speech
Mortgage,Predictions,for,the,Week,of,Feb,March,The,must,slash,its,deficit,to,from,an,expected,before,the,president,second,term,in,office,ends,otherwise,a,death,spiral,will,likely,ensue
Mortgage,Predictions,Whats,Affecting,Rates,the,Week,of,Feb,Tariffs,are,anti,growth,policies,that,reduce,income,and,job,growth,increase,the,cost,of,living,and,lower,overall,economic,efficiencies
South,Africas,finance,minister,fails,to,unveil,budget,after,tax,row,Property,taxes,can,be,a,significant,factor,when,purchasing,a,home,and,these,cities,have,the,highest,rates
Billionaire,Ray,Dalio,warns,America,faces,economic,heart,attack,if,it,doesn,radically,reduce,fiscal,deficit,The,Trump,administrations,freeze,on,federal,loans,and,grants,is,being,challenged,in,court,on,multiple,fronts
Robust,Tech,Company,Investment,Show,The,Folly,Of,Trump,Tariffs,Many,groups,that,rely,on,a,federal,payment,portal,started,experiencing,problems,accessing,funds,last,week,HHS,says,technical,issues,are,to,blame,and,lag,times,continue
Homeowners,in,these,cities,paid,the,highest,property,taxes,last,year,Black,Escalade,motorcade,sold,separately,of,course,Need,to,turn,heads,and,burn,cash,while,out,on,the,town,new,app,lets,you,hire,armed,bodyguards,to,escort,you,around,chauffeur,included,provided,youre,in,Los,Angeles,or,New,York,City
Lawsuits,challenging,Trump,administration,over,its,illegal,freeze,on,federal,loans,and,grants,are,pouring,in,You,got,a,sense,that,it,was,over,almost,before,it,began,as,Scotland,suffered,another,chastening,Six,Nations,defeat,by,Ireland,writes,Tom,English
Stress,and,uncertainty,at,Head,Start,and,clinics,as,federal,health,funding,system,sputters,In,this,Sunday,edition,of,Business,Insider,Today,were,hearing,from,Metas,low,performers,who,may,not,be,low,performers,at,all
Want,to,play,billionaire,for,a,day,This,app,lets,you,rent,your,own,armed,goon,squad,When,hosting,a,major,event,whether,it,a,charity,gala,a,conference,or,a,wedding,location,is,everything,You,might,have,an,exquisite,menu,or,an,amazing,playlist,but,if,your,surroundings,don,set,the,right,tone,it,can,be,easy,for,an,evening,to,fall,fl
Ireland,live,rent,free,in,Scotlands,heads,again,And,hes,not,alone,ve,spoken,to,many,filmmakers,with,films,nominated,this,year,who,can,pay,their,rent,Corbet,said,of,his,fellow,Oscar,nominees
What,happens,when,a,companys,low,performers,speak,up,Bill,Gates,said,hell,give,away,the,vast,majority,of,his,money,and,his,philanthropy,hasnt,meant,sacrificing,pleasures,like,burgers,or,movies
historic,mansions,you,can,rent,for,events,Brady,Corbet,who,received,his,first,Oscar,nomination,for,The,Brutalist,told,the,WTF,podcast,that,he,has,been,living,on,a,paycheck,from,three,years,ago
Brady,Corbet,Says,He,Made,Zero,Dollars,from,The,Brutalist,Senate,Democrats,announced,a,bill,that,would,curb,Elon,Musk,from,accessing,Americans,personal,data,but,theyll,need,Republican,help,to,pass,it
Bill,Gates,says,hes,given,away,billion,of,his,personal,wealth,so,far,Democrats,to,target,vulnerable,House,Republicans,by,highlighting,potential,cuts,to,Medicaid,other,federal,spending,in,the,budget,GOP,lawmakers,hope,to,vote,on,this,week
The,Brutalist,director,says,he,made,no,money,from,the,time,Oscar,nominated,film,Heres,why,For,Debbie,Johnson,the,high,cost,of,living,has,meant,making,fewer,trips,to,the,salon,to,get,her,daughter,Harpers,textured,hair,styled,On,March,Black,youth,like,Harper,will,benefit,from,an,event,organized,by,Hamilton,hair,stylist,Lohifa,Pogoson,Acker,a
House,Democrats,launch,bill,to,block,Musk,accessing,personal,and,financial,data,US,inflation,increased,by,more,than,expected,last,month,pushing,up,the,cost,of,living,for,Americans
Democrats,outline,playbook,to,target,House,Republicans,on,Medicaid,budget,and,DOGE,The,ground,beneath,our,feet,is,perpetually,shifting,And,it,hard,to,keep,our,balance,writes,Alissa,Quart
Hamilton,stylists,do,their,part,to,ease,costs,giving,free,hair,services,to,Black,youth,next,month,If,you,re,looking,to,move,to,a,suburb,a,few,stellar,ones,stand,out,Read,more
US,inflation,unexpectedly,increases,Choosing,where,to,attend,college,is,one,of,the,most,impactful,decisions,a,young,person,can,make,in,their,lives,but,it,also,one,that,can,be,fraught,with,pitfalls,The,ideal,university,for,one,person,might,leave,another,student,unhappy,and,dissatisfied,Read
How,Insecurity,Became,the,New,Inequality,While,prices,and,the,economy,were,top,issues,during,the,campaign,President,Trump,is,making,clear,that,other,issues,most,notably,immigration,are,his,main,focus,at,the,start,of,his,second,term
The,best,suburbs,in,America,to,buy,a,house,The,SS,United,States,a,historic,ocean,liner,that,once,held,the,transatlantic,speed,record,of,knots,mph,kph,has,departed,Philadelphia,to,be,transformed,into,the,worlds,largest,artificial,reef,off,Floridas,Gulf,Coast,The,move,is,part,of,a
The,best,college,towns,in,America,Liberal,leadership,hopeful,Chrystia,Freeland,outlined,a,suite,of,policies,Tuesday,aimed,at,improving,the,cost,of,living,for,Canadians,including,an,income,tax,cut,for,millions,of,people,and,policies,she,says,will,lower,the,price,of,groceries,and,reduce,credit
Prices,were,a,key,issue,in,but,Trump,makes,clear,theyre,not,his,top,priority,man,asked,the,internet,what,to,do,when,he,discovered,that,his,roommate,simply,stole,the,last,three,months,of,rent,and,ran,away,The,post,Hate,The,System,Man,Steals,Roommate,Rent,Money,Acts,Like,He,Is,Justified,first,appeared,on,Bored,Panda
Historic,Ocean,Liner,Departs,Philadelphia,On,Voyage,To,Become,the,Worlds,Largest,Artificial,Reef,Who,among,us,doesnt,want,to,be,a,stay,at,home,spouse,dont,mean,a,stay,at,home,parent,or,a,person,who,works,remotely,mean,literally,a,stay,at,home,partner,Its,nice,to,daydream,about,what,we,could,do,all,day,if,we,werent,working,You,could,wake,up
Chrystia,Freeland,promises,tax,cut,plan,for,cheaper,groceries,if,elected,Liberal,leader,Shared,housing,is,a,minefield,of,potential,conflicts,where,personalities,clash,habits,differ,and,rules,are,tested,Its,a,setting,where,even,the,most,minuscule,issues,can,balloon,into,full,blown,crises,and,seemingly,reasonable,people,turn,into,territorial
Hate,The,System,Man,Steals,Roommate,Rent,Money,Acts,Like,He,Is,Justified,For,Germans,heading,to,the,polls,for,a,snap,election,climate,is,not,quite,as,important,a,factor,as,it,used,to,be
year,old,inspired,by,TikToks,declares,shes,quitting,her,job,to,live,a,soft,life,of,luxury,She,is,being,incredibly,self,centered,Retirees,are,often,thought,to,be,living,on,fixed,incomes,but,most,of,them,are,collecting,Social,Security,benefits,and,those,benefits,are,not,exactly,fixed,because,theyre,increased,nearly,every,year,via,cost,of,living,adjustments,COLAs,Its,important
This,leaves,me,alone,in,the,flat,with,two,men,who,are,not,legal,tenants,Roommate,moves,in,boyfriend,and,unknown,strangers,to,apartment,fills,the,place,with,their,belongings,and,lets,them,take,over,the,flat,pushing,young,woman,to,contact,the,landlord,When,you,think,about,the,different,locations,where,you,can,retire,inside,the,United,States,Florida,has,long,topped,the,list,With,a,low,cost,of,living,beautiful,weather,sandy,beaches,and,proximity,to,the,Caribbean,for,cruising,and,vacations,it,rightful
Why,Germany,Elections,Have,Huge,Stakes,for,Climate,Action,Around,the,World,Theres,a,reason,Social,Security,benefits,are,eligible,for,an,automatic,cost,of,living,adjustment,or,COLA,each,year,Without,one,benefits,would,be,practically,guaranteed,to,lose,buying,power,over,time,due,to,inflation,But,while,Social,Security,COLAs,help
What,Is,a,Social,Security,COLA,and,How,Can,It,Affect,Your,Retirement,Plan,in,Confusion,over,Trumps,orders,leaves,billions,of,dollars,in,subsidies,for,energy,efficient,appliances,and,rooftop,solar,frozen
Always,Dreamed,of,Retiring,to,Florida,But,These,States,Now,Top,My,List,Bar,Refaeli,was,turning,up,the,heat,on,IG,setting,the,Internet,on,fire,with,a,smokin,hot,video,featuring,some,seriously,saucy,lingerie,looks,The,supermodel,was,working,those,angles,like,rent,was,due,flaunting,that,killer,bod,in,a,series,of
Im,Not,Counting,on,Social,Security,COLAs,to,Carry,Me,Through,Retirement,Heres,What,Im,Doing,to,Combat,Inflation,Instead,Three,children,were,living,in,filth,and,squalor,for,years,sleeping,on,pizza,boxes,and,unable,to,even,flush,a,toilet,the,Oakland,County,Sheriff,said
Programs,that,save,Americans,money,on,cleaner,appliances,and,rooftop,solar,are,on,the,chopping,block,Newtons,third,law,of,motion,teaches,us,that,every,action,has,an,equal,and,opposite,reaction,But,as,some,of,us,learned,the,hard,way,in,some,cases,the,reaction,is,much,worse,than,the,action,and,all,we,can,do,is,find,a,way,to,deal,with,it,When,we,take,a
Bar,Refaeli,Looks,Smokin,Hot,in,Lingerie,IG,Selfies,In,some,states,property,taxes,are,a,major,burden,for,homeowners,In,others,they,re,basically,an,afterthought,Read,more
Three,kids,live,alone,in,Pontiac,home,for,years,found,living,in,severe,filth,mom,arrested,Staffing,at,the,HUD,office,that,pays,for,housing,and,support,services,across,the,country,is,slated,to,be,cut,by,Advocates,warn,such,heavy,cuts,could,make,record,high,homelessness,even,worse
Tenant,stops,paying,rent,after,finding,out,roommate,broke,into,her,room,while,she,was,away,later,she,returns,to,the,apartment,only,to,find,it,trashed,No,apology,no,accountability,no,nothing,Private,equity,the,harbinger,of,all,bad,things,is,getting,its,greasy,little,hands,on,Willow,Springs,Raceway,in,Rosamond,California
The,states,with,the,highest,property,taxes,in,America,and,the,with,the,lowest,Professor,Shaun,Harper,explains,how,President,Donald,Trumps,decision,to,eliminate,all,federal,DEI,related,jobs,negatively,impacts,workers
Trump,administration,plans,mass,firing,at,office,that,funds,homelessness,programs,California,product,manager,used,almost,in,student,loans,to,graduate,from,Columbia,University,and,said,hed,do,it,again,despite,the,debt
Funs,Over,Private,Equity,Firm,To,Buy,Willow,Springs,Raceway,New,York,City,Mayor,Eric,Adams,wants,to,allow,certain,homeowners,to,add,extra,dwellings,in,their,backyards,attics,and,basements
The,Human,Cost,of,Trump,Firing,All,Federal,DEI,Workers,The,bailout,will,be,funded,by,the,states,private,insurers,but,a,new,rule,says,they,they,can,pass,up,to,half,of,the,cost,on,to,customers
took,on,almost,in,debt,to,attend,an,Ivy,League,school,have,no,regrets,but,wouldnt,recommend,it,to,everyone,Millennials,into,dinner,parties,are,reviving,interest,in,antique,china,One,learned,her,secondhand,haul,was,worth,a,lot,more,than,she,paid
One,of,the,solutions,to,NYCs,housing,shortage,is,already,running,into,regulatory,hurdles,For,many,the,cost,of,living,doesnt,leave,much,left,over,for,the,future
Californias,last,resort,home,insurer,is,getting,a,billion,bailout,Homeowners,could,be,on,the,hook,for,some,of,the,bill,growing,number,of,Australian,retirees,risk,falling,into,homelessness,because,they,can,rsquo,afford,to,pay,rent,said,a,new,report,aimed,at,lawmakers,preparing,to,fight,an,election,on,housing,and,cost,of,living
paid,for,a,giant,collection,of,vintage,dishes,at,a,thrift,store,then,found,out,its,worth,almost,Weve,all,dreamed,of,quitting,our,jobs,on,the,spot,and,walking,out,at,one,point,or,another,surely,Whether,it,was,your,boss,telling,you,what,to,do,or,handling,one,too,many,impolite,customers,weve,all,been,a,hairs,width,away,from,crashing,out,and,packing
Im,make,year,and,can,only,afford,to,invest,per,month,Can,build,real,wealth,in,America,When,distant,family,members,reach,out,to,you,for,money,it,can,be,a,baffling,experience,Its,one,thing,if,your,favorite,aunt,reaches,out,to,you,and,asks,to,borrow,Youd,probably,give,that,to,her,if,you,could,afford,to,do,so,Its,a,whole,different,si
More,Australian,retirees,are,struggling,to,pay,rent,report,President,Donald,Trump,might,wanna,sit,down,for,this,news,but,is,not,Americas,unofficial,anthem,not,according,to,Bill,Maher,who,says,Bob,Dylans,got,the,perfect,tune,for,our,times,Like,a,lot,of,people,Bills,feeling,pretty,salty
people,share,what,made,them,quit,their,job,on,the,spot,Landlords,really,seem,to,think,that,they,can,get,away,with,anything,these,days,Regardless,of,whether,or,not,they,like,it,they,do,have,some,basic,responsibilities,in,addition,to,collecting,checks,every,month,and,raising,the,rent,at,the,end,of,their,tenants
Absent,father,asks,year,old,daughter,for,money,for,year,old,step,brother,she,barely,knows,You,will,never,see,your,money,again,What,have,we,here,This,year,old,youngster,is,getting,their,first,real,dose,of,what,it,means,to,be,a,self,sustaining,person,in,this,wonderful,world,of,bills,burnout,and,brain,draining,jobs,Their,first,smokey,bitter,taste,of,adulting,Young,fresh,and
Bill,Maher,Says,Bob,Dylan,Nailed,Life,in,America,Everything,is,Broken,This,woman,was,happy,to,take,in,her,brother,when,he,lost,his,job,But,now,she,feels,like,hes,taking,advantage,of,her,The,post,Woman,Charges,Brother,Rent,Is,Called,Cruel,And,Heartless,By,Family,first,appeared,on,Bored,Panda
Dont,mess,with,the,wrong,tenants,Landlord,refuses,to,do,mandated,apartment,repairs,tenants,get,city,inspectors,involved,Bracing,frigid,temperatures,crowds,of,former,and,current,federal,workers,protested,the,deep,cuts,to,HHS,warning,it,will,permanently,set,back,scientific,progress
year,old,fresh,employee,complains,about,burnout,after,months,of,work,getting,first,taste,of,being,a,self,sustaining,adult,can,do,mental,work,for,hours,in,a,day,feel,like,can,handle,like,hours,max,Unfortunately,this,is,becoming,commonplace,as,people,tip,less,due,to,the,higher,cost,of,living,and,tipping,fatigue
Woman,Charges,Brother,Rent,Is,Called,Cruel,And,Heartless,By,Family,loaf,of,bread,used,to,travel,up,to,kilometres,by,truck,and,train,to,Normanton,in,Queenslands,outback,then,someone,had,an,idea
HHS,employees,decry,hole,left,by,federal,firings,It,almost,feels,like,a,bomb,site,Tibia,first,launched,in,with,only,four,classes,but,after,years,the,developers,are,adding,another,option
Pizza,delivery,driver,walks,half,a,mile,in,snowstorm,gets,just,a,tip,sparks,outrage,online,simple,proven,reform,could,stem,the,city,spiraling,housing,crisis
Indias,Modi,to,seek,to,boost,growth,ease,cost,of,living,in,budget,Just,how,loud,can,a,Bluetooth,speaker,possibly,be,SOUNDBOKS,stretches,your,wildest,imaginations,with,this,crazy,audio,device
As,cost,of,living,bites,this,remote,town,cuts,cost,of,fresh,bread,CBS,News,MoneyWatch,correspondent,Kelly,OGrady,joins,CBS,Mornings,to,discuss,what,President,Trumps,reciprocal,tariffs,could,mean,for,your,cost,of,living
This,MMORPG,is,getting,a,new,player,class,years,after,release,In,the,half,a,decade,since,the,Covid,pandemic,first,began,the,number,of,people,living,and,working,as,digital,nomads,has,exploded,What,was,once,seen,as,eccentric,and,fringe,is,now,the,daily,reality,of,more,than,one,in,Americans,according,to,MBO,Part
Other,States,Are,Showing,How,to,Rebuild,When,finding,a,new,place,to,live,some,people,choose,state,capitals,for,their,combination,of,economic,opportunity,cultural,attractions,and,political,relevance,But,not,all,capitals,are,created,equal,Read,more
The,mad,powerful,SOUNDBOKS,is,an,bomb,of,portable,audio,will,see,the,greatest,surge,of,Americans,turning,with,an,average,of,more,than,people,reaching,the,milestone,every,day,Read,more
